<?xml version='1.0' encoding='UTF-8'?>
<soapenv:Envelope xmlns:soapenv="http://schemas.xmlsoap.org/soap/envelope/">
    <soapenv:Body>
        <ns2:getMissionsNextResponse xmlns:ns2="http://wsiv.ratp.fr">
            <ns2:return>
                <ns1:argumentDate xmlns:ns1="http://wsiv.ratp.fr/xsd">201905130053</ns1:argumentDate>
                <ns1:argumentDirection xmlns:ns1="http://wsiv.ratp.fr/xsd" xmlns:xsi="http://www.w3.org/2001/XMLSchema-instance" xsi:nil="1" />
                <argumentLine xmlns="http://wsiv.ratp.fr/xsd">
                    <code>A</code>
                    <codeStif>100111001</codeStif>
                    <id>RA</id>
                    <image>p_rer_a.gif</image>
                    <name>St-Germain-en-Laye. Poissy. Cergy. / Boissy-St-Léger. Marne-la-Vallée.</name>
                    <realm>r</realm>
                    <reseau>
                        <code>rer</code>
                        <id>2-rer</id>
                        <image>p_rer.gif</image>
                        <name>RER</name>
                    </reseau>
                </argumentLine>
                <argumentStation xmlns="http://wsiv.ratp.fr/xsd">
                    <direction xmlns:xsi="http://www.w3.org/2001/XMLSchema-instance" xsi:nil="1" />
                    <geoPointA>
                        <id>1631</id>
                        <name>Vincennes</name>
                    </geoPointA>
                    <geoPointR>
                        <id>2511</id>
                        <name>Vincennes</name>
                    </geoPointR>
                    <id>0</id>
                    <idsNextA>1</idsNextA>
                    <idsNextR>23</idsNextR>
                    <idsNextR>33</idsNextR>
                    <line>
                        <code>A</code>
                        <codeStif>100111001</codeStif>
                        <id>RA</id>
                        <image>p_rer_a.gif</image>
                        <name>St-Germain-en-Laye. Poissy. Cergy. / Boissy-St-Léger. Marne-la-Vallée.</name>
                        <realm>r</realm>
                        <reseau>
                            <code>rer</code>
                            <id>2-rer</id>
                            <image>p_rer.gif</image>
                            <name>RER</name>
                        </reseau>
                    </line>
                    <name>Vincennes</name>
                </argumentStation>
                <missions xmlns="http://wsiv.ratp.fr/xsd">
                    <code>NEMO</code>
                    <direction>
                        <line>
                            <code>A</code>
                            <codeStif>100111001</codeStif>
                            <id>RA</id>
                            <image>p_rer_a.gif</image>
                            <name>St-Germain-en-Laye. Poissy. Cergy. / Boissy-St-Léger. Marne-la-Vallée.</name>
                            <realm>r</realm>
                            <reseau>
                                <code>rer</code>
                                <id>2-rer</id>
                                <image>p_rer.gif</image>
                                <name>RER</name>
                            </reseau>
                        </line>
                        <name>Boissy-St-Léger. Marne-la-Vallée.</name>
                        <sens>R</sens>
                        <stationsEndLine>
                            <direction xmlns:xsi="http://www.w3.org/2001/XMLSchema-instance" xsi:nil="1" />
                            <geoPointA>
                                <id>2074</id>
                                <name>Boissy-Saint-Leger</name>
                            </geoPointA>
                            <geoPointR>
                                <id>2123</id>
                                <name>Boissy-Saint-Leger</name>
                            </geoPointR>
                            <id>15</id>
                            <idsNextA>16</idsNextA>
                            <idsNextR xmlns:xsi="http://www.w3.org/2001/XMLSchema-instance" xsi:nil="1" />
                            <line>
                                <code>A</code>
                                <codeStif>100111001</codeStif>
                                <id>RA</id>
                                <image>p_rer_a.gif</image>
                                <name>St-Germain-en-Laye. Poissy. Cergy. / Boissy-St-Léger. Marne-la-Vallée.</name>
                                <realm>r</realm>
                                <reseau>
                                    <code>rer</code>
                                    <id>2-rer</id>
                                    <image>p_rer.gif</image>
                                    <name>RER</name>
                                </reseau>
                            </line>
                            <name>Boissy Saint Leger</name>
                        </stationsEndLine>
                        <stationsEndLine>
                            <direction xmlns:xsi="http://www.w3.org/2001/XMLSchema-instance" xsi:nil="1" />
                            <geoPointA>
                                <id>1885</id>
                                <name>Marne-la-Vallee Chessy</name>
                            </geoPointA>
                            <geoPointR>
                                <id>2281</id>
                                <name>Marne-la-Vallee Chessy</name>
                            </geoPointR>
                            <id>24</id>
                            <idsNextA>35</idsNextA>
                            <idsNextR xmlns:xsi="http://www.w3.org/2001/XMLSchema-instance" xsi:nil="1" />
                            <line>
                                <code>A</code>
                                <codeStif>100111001</codeStif>
                                <id>RA</id>
                                <image>p_rer_a.gif</image>
                                <name>St-Germain-en-Laye. Poissy. Cergy. / Boissy-St-Léger. Marne-la-Vallée.</name>
                                <realm>r</realm>
                                <reseau>
                                    <code>rer</code>
                                    <id>2-rer</id>
                                    <image>p_rer.gif</image>
                                    <name>RER</name>
                                </reseau>
                            </line>
                            <name>Marne la Vallee-Chessy</name>
                        </stationsEndLine>
                    </direction>
                    <id>NEMO</id>
                    <stations>
                        <direction xmlns:xsi="http://www.w3.org/2001/XMLSchema-instance" xsi:nil="1" />
                        <geoPointA>
                            <id>1631</id>
                            <name>Vincennes</name>
                        </geoPointA>
                        <geoPointR>
                            <id>2511</id>
                            <name>Vincennes</name>
                        </geoPointR>
                        <id>0</id>
                        <idsNextA>1</idsNextA>
                        <idsNextR>23</idsNextR>
                        <idsNextR>33</idsNextR>
                        <line>
                            <code>A</code>
                            <codeStif>100111001</codeStif>
                            <id>RA</id>
                            <image>p_rer_a.gif</image>
                            <name>St-Germain-en-Laye. Poissy. Cergy. / Boissy-St-Léger. Marne-la-Vallée.</name>
                            <realm>r</realm>
                            <reseau>
                                <code>rer</code>
                                <id>2-rer</id>
                                <image>p_rer.gif</image>
                                <name>RER</name>
                            </reseau>
                        </line>
                        <name>Vincennes</name>
                    </stations>
                    <stations>
                        <direction xmlns:xsi="http://www.w3.org/2001/XMLSchema-instance" xsi:nil="1" />
                        <geoPointA>
                            <id>2074</id>
                            <name>Boissy-Saint-Leger</name>
                        </geoPointA>
                        <geoPointR>
                            <id>2123</id>
                            <name>Boissy-Saint-Leger</name>
                        </geoPointR>
                        <id>15</id>
                        <idsNextA>16</idsNextA>
                        <idsNextR xmlns:xsi="http://www.w3.org/2001/XMLSchema-instance" xsi:nil="1" />
                        <line>
                            <code>A</code>
                            <codeStif>100111001</codeStif>
                            <id>RA</id>
                            <image>p_rer_a.gif</image>
                            <name>St-Germain-en-Laye. Poissy. Cergy. / Boissy-St-Léger. Marne-la-Vallée.</name>
                            <realm>r</realm>
                            <reseau>
                                <code>rer</code>
                                <id>2-rer</id>
                                <image>p_rer.gif</image>
                                <name>RER</name>
                            </reseau>
                        </line>
                        <name>Boissy Saint Leger</name>
                    </stations>
                    <stationsDates>201905130053</stationsDates>
                    <stationsMessages>Train à quai</stationsMessages>
                    <stationsPlatforms>1</stationsPlatforms>
                    <stationsStops>true</stationsStops>
                </missions>
                <missions xmlns="http://wsiv.ratp.fr/xsd">
                    <code>OPUS</code>
                    <direction>
                        <line>
                            <code>A</code>
                            <codeStif>100111001</codeStif>
                            <id>RA</id>
                            <image>p_rer_a.gif</image>
                            <name>St-Germain-en-Laye. Poissy. Cergy. / Boissy-St-Léger. Marne-la-Vallée.</name>
                            <realm>r</realm>
                            <reseau>
                                <code>rer</code>
                                <id>2-rer</id>
                                <image>p_rer.gif</image>
                                <name>RER</name>
                            </reseau>
                        </line>
                        <name>Boissy-St-Léger. Marne-la-Vallée.</name>
                        <sens>R</sens>
                        <stationsEndLine>
                            <direction xmlns:xsi="http://www.w3.org/2001/XMLSchema-instance" xsi:nil="1" />
                            <geoPointA>
                                <id>2074</id>
                                <name>Boissy-Saint-Leger</name>
                            </geoPointA>
                            <geoPointR>
                                <id>2123</id>
                                <name>Boissy-Saint-Leger</name>
                            </geoPointR>
                            <id>15</id>
                            <idsNextA>16</idsNextA>
                            <idsNextR xmlns:xsi="http://www.w3.org/2001/XMLSchema-instance" xsi:nil="1" />
                            <line>
                                <code>A</code>
                                <codeStif>100111001</codeStif>
                                <id>RA</id>
                                <image>p_rer_a.gif</image>
                                <name>St-Germain-en-Laye. Poissy. Cergy. / Boissy-St-Léger. Marne-la-Vallée.</name>
                                <realm>r</realm>
                                <reseau>
                                    <code>rer</code>
                                    <id>2-rer</id>
                                    <image>p_rer.gif</image>
                                    <name>RER</name>
                                </reseau>
                            </line>
                            <name>Boissy Saint Leger</name>
                        </stationsEndLine>
                        <stationsEndLine>
                            <direction xmlns:xsi="http://www.w3.org/2001/XMLSchema-instance" xsi:nil="1" />
                            <geoPointA>
                                <id>1885</id>
                                <name>Marne-la-Vallee Chessy</name>
                            </geoPointA>
                            <geoPointR>
                                <id>2281</id>
                                <name>Marne-la-Vallee Chessy</name>
                            </geoPointR>
                            <id>24</id>
                            <idsNextA>35</idsNextA>
                            <idsNextR xmlns:xsi="http://www.w3.org/2001/XMLSchema-instance" xsi:nil="1" />
                            <line>
                                <code>A</code>
                                <codeStif>100111001</codeStif>
                                <id>RA</id>
                                <image>p_rer_a.gif</image>
                                <name>St-Germain-en-Laye. Poissy. Cergy. / Boissy-St-Léger. Marne-la-Vallée.</name>
                                <realm>r</realm>
                                <reseau>
                                    <code>rer</code>
                                    <id>2-rer</id>
                                    <image>p_rer.gif</image>
                                    <name>RER</name>
                                </reseau>
                            </line>
                            <name>Marne la Vallee-Chessy</name>
                        </stationsEndLine>
                    </direction>
                    <id>OPUS</id>
                    <stations>
                        <direction xmlns:xsi="http://www.w3.org/2001/XMLSchema-instance" xsi:nil="1" />
                        <geoPointA>
                            <id>1631</id>
                            <name>Vincennes</name>
                        </geoPointA>
                        <geoPointR>
                            <id>2511</id>
                            <name>Vincennes</name>
                        </geoPointR>
                        <id>0</id>
                        <idsNextA>1</idsNextA>
                        <idsNextR>23</idsNextR>
                        <idsNextR>33</idsNextR>
                        <line>
                            <code>A</code>
                            <codeStif>100111001</codeStif>
                            <id>RA</id>
                            <image>p_rer_a.gif</image>
                            <name>St-Germain-en-Laye. Poissy. Cergy. / Boissy-St-Léger. Marne-la-Vallée.</name>
                            <realm>r</realm>
                            <reseau>
                                <code>rer</code>
                                <id>2-rer</id>
                                <image>p_rer.gif</image>
                                <name>RER</name>
                            </reseau>
                        </line>
                        <name>Vincennes</name>
                    </stations>
                    <stations>
                        <direction xmlns:xsi="http://www.w3.org/2001/XMLSchema-instance" xsi:nil="1" />
                        <geoPointA>
                            <id>1636</id>
                            <name>Torcy</name>
                        </geoPointA>
                        <geoPointR>
                            <id>2516</id>
                            <name>Torcy</name>
                        </geoPointR>
                        <id>26</id>
                        <idsNextA>27</idsNextA>
                        <idsNextR>25</idsNextR>
                        <line>
                            <code>A</code>
                            <codeStif>100111001</codeStif>
                            <id>RA</id>
                            <image>p_rer_a.gif</image>
                            <name>St-Germain-en-Laye. Poissy. Cergy. / Boissy-St-Léger. Marne-la-Vallée.</name>
                            <realm>r</realm>
                            <reseau>
                                <code>rer</code>
                                <id>2-rer</id>
                                <image>p_rer.gif</image>
                                <name>RER</name>
                            </reseau>
                        </line>
                        <name>Torcy</name>
                    </stations>
                    <stationsDates>201905130059</stationsDates>
                    <stationsMessages>Train à quai</stationsMessages>
                    <stationsPlatforms>1</stationsPlatforms>
                    <stationsStops>true</stationsStops>
                </missions>
                <perturbations xmlns="http://wsiv.ratp.fr/xsd">
                    <level>critical</level>
                    <message>
                        <text>Les informations horaires ne sont pas disponibles pour le moment. Veuillez nous excuser pour la gêne occasionnée.</text>
                    </message>
                    <source>otr</source>
                </perturbations>
            </ns2:return>
        </ns2:getMissionsNextResponse>
    </soapenv:Body>
</soapenv:Envelope>