<?xml version="1.0"?>
<missions xmlns="http://wsiv.ratp.fr/xsd">
    <code>QYAN</code>
    <direction>
        <line>
            <code>A</code>
            <codeStif>100111001</codeStif>
            <id>RA</id>
            <image>p_rer_a.gif</image>
            <name>St-Germain-en-Laye. Poissy. Cergy. / Boissy-St-Léger. Marne-la-Vallée.</name>
            <realm>r</realm>
            <reseau>
                <code>rer</code>
                <id>2-rer</id>
                <image>p_rer.gif</image>
                <name>RER</name>
            </reseau>
        </line>
        <name>Boissy-St-Léger. Marne-la-Vallée.</name>
        <sens>R</sens>
        <stationsEndLine>
            <direction xmlns:xsi="http://www.w3.org/2001/XMLSchema-instance" xsi:nil="1" />
            <geoPointA>
                <id>2074</id>
                <name>Boissy-Saint-Leger</name>
            </geoPointA>
            <geoPointR>
                <id>2123</id>
                <name>Boissy-Saint-Leger</name>
            </geoPointR>
            <id>15</id>
            <idsNextA>16</idsNextA>
            <idsNextR xmlns:xsi="http://www.w3.org/2001/XMLSchema-instance" xsi:nil="1" />
            <line>
                <code>A</code>
                <codeStif>100111001</codeStif>
                <id>RA</id>
                <image>p_rer_a.gif</image>
                <name>St-Germain-en-Laye. Poissy. Cergy. / Boissy-St-Léger. Marne-la-Vallée.</name>
                <realm>r</realm>
                <reseau>
                    <code>rer</code>
                    <id>2-rer</id>
                    <image>p_rer.gif</image>
                    <name>RER</name>
                </reseau>
            </line>
            <name>Boissy Saint Leger</name>
        </stationsEndLine>
        <stationsEndLine>
            <direction xmlns:xsi="http://www.w3.org/2001/XMLSchema-instance" xsi:nil="1" />
            <geoPointA>
                <id>1885</id>
                <name>Marne-la-Vallee Chessy</name>
            </geoPointA>
            <geoPointR>
                <id>2281</id>
                <name>Marne-la-Vallee Chessy</name>
            </geoPointR>
            <id>24</id>
            <idsNextA>35</idsNextA>
            <idsNextR xmlns:xsi="http://www.w3.org/2001/XMLSchema-instance" xsi:nil="1" />
            <line>
                <code>A</code>
                <codeStif>100111001</codeStif>
                <id>RA</id>
                <image>p_rer_a.gif</image>
                <name>St-Germain-en-Laye. Poissy. Cergy. / Boissy-St-Léger. Marne-la-Vallée.</name>
                <realm>r</realm>
                <reseau>
                    <code>rer</code>
                    <id>2-rer</id>
                    <image>p_rer.gif</image>
                    <name>RER</name>
                </reseau>
            </line>
            <name>Marne la Vallee-Chessy</name>
        </stationsEndLine>
    </direction>
    <id>QYAN</id>
    <stations>
        <direction xmlns:xsi="http://www.w3.org/2001/XMLSchema-instance" xsi:nil="1" />
        <geoPointA>
            <id>1967</id>
            <name>Chatelet-Les Halles</name>
        </geoPointA>
        <geoPointR>
            <id>2222</id>
            <name>Chatelet-Les Halles</name>
        </geoPointR>
        <id>3</id>
        <idsNextA>4</idsNextA>
        <idsNextR>2</idsNextR>
        <line>
            <code>A</code>
            <codeStif>100111001</codeStif>
            <id>RA</id>
            <image>p_rer_a.gif</image>
            <name>St-Germain-en-Laye. Poissy. Cergy. / Boissy-St-Léger. Marne-la-Vallée.</name>
            <realm>r</realm>
            <reseau>
                <code>rer</code>
                <id>2-rer</id>
                <image>p_rer.gif</image>
                <name>RER</name>
            </reseau>
        </line>
        <name>Chatelet-Les-Halles</name>
    </stations>
    <stations>
        <direction xmlns:xsi="http://www.w3.org/2001/XMLSchema-instance" xsi:nil="1" />
        <geoPointA>
            <id>1885</id>
            <name>Marne-la-Vallee Chessy</name>
        </geoPointA>
        <geoPointR>
            <id>2281</id>
            <name>Marne-la-Vallee Chessy</name>
        </geoPointR>
        <id>24</id>
        <idsNextA>35</idsNextA>
        <idsNextR xmlns:xsi="http://www.w3.org/2001/XMLSchema-instance" xsi:nil="1" />
        <line>
            <code>A</code>
            <codeStif>100111001</codeStif>
            <id>RA</id>
            <image>p_rer_a.gif</image>
            <name>St-Germain-en-Laye. Poissy. Cergy. / Boissy-St-Léger. Marne-la-Vallée.</name>
            <realm>r</realm>
            <reseau>
                <code>rer</code>
                <id>2-rer</id>
                <image>p_rer.gif</image>
                <name>RER</name>
            </reseau>
        </line>
        <name>Marne la Vallee-Chessy</name>
    </stations>
    <stationsDates>201905111748</stationsDates>
    <stationsMessages>Train à quai</stationsMessages>
    <stationsPlatforms>1</stationsPlatforms>
    <stationsStops>true</stationsStops>
</missions>