,Station,Date,Direction,Sens
,Vincennes,201905150023,St-Germain-en-Laye. Poissy. Cergy.,A
,Auber,201905150023,St-Germain-en-Laye. Poissy. Cergy.,A
,Charles de Gaulle-Etoile,201905150023,Boissy-St-Léger. Marne-la-Vallée.,R
,Nanterre Ville,201905150023,St-Germain-en-Laye. Poissy. Cergy.,A
,Val d'Europe-Serris,201905150023,St-Germain-en-Laye. Poissy. Cergy.,A
,Noisiel,201905150023,Boissy-St-Léger. Marne-la-Vallée.,R
,Nogent Sur Marne,201905150023,St-Germain-en-Laye. Poissy. Cergy.,A
,Nation,201905150024,Boissy-St-Léger. Marne-la-Vallée.,R
,Chatou-Croissy,201905150025,Boissy-St-Léger. Marne-la-Vallée.,R
,Champigny,201905150024,Boissy-St-Léger. Marne-la-Vallée.,R
,Nogent Sur Marne,201905150024,St-Germain-en-Laye. Poissy. Cergy.,A
,Fontenay Sous Bois,201905150025,St-Germain-en-Laye. Poissy. Cergy.,A
,Nation,201905150025,St-Germain-en-Laye. Poissy. Cergy.,A
,Lognes,201905150026,Boissy-St-Léger. Marne-la-Vallée.,R
,Bry Sur Marne,201905150025,St-Germain-en-Laye. Poissy. Cergy.,A
,Val de Fontenay,201905150026,Boissy-St-Léger. Marne-la-Vallée.,R
,Champigny,201905150024,Boissy-St-Léger. Marne-la-Vallée.,R
,Auber,201905150026,Boissy-St-Léger. Marne-la-Vallée.,R
,Lognes,201905150027,Boissy-St-Léger. Marne-la-Vallée.,R
,Champigny,201905150025,St-Germain-en-Laye. Poissy. Cergy.,A
,Vincennes,201905150026,Boissy-St-Léger. Marne-la-Vallée.,R
,Chatelet-Les-Halles,201905150027,Boissy-St-Léger. Marne-la-Vallée.,R
,Charles de Gaulle-Etoile,201905150026,St-Germain-en-Laye. Poissy. Cergy.,A
,Neuilly-Plaisance,201905150027,St-Germain-en-Laye. Poissy. Cergy.,A
,Champigny,201905150026,St-Germain-en-Laye. Poissy. Cergy.,A
,Vincennes,201905150027,Boissy-St-Léger. Marne-la-Vallée.,R
,Gare de Lyon,201905150028,St-Germain-en-Laye. Poissy. Cergy.,A
,Chatelet-Les-Halles,201905150028,Boissy-St-Léger. Marne-la-Vallée.,R
,Chatou-Croissy,201905150029,St-Germain-en-Laye. Poissy. Cergy.,A
,Bussy St-Georges,201905150028,St-Germain-en-Laye. Poissy. Cergy.,A
,Vincennes,201905150028,St-Germain-en-Laye. Poissy. Cergy.,A
,Neuilly-Plaisance,201905150029,Boissy-St-Léger. Marne-la-Vallée.,R
,Val de Fontenay,201905150030,St-Germain-en-Laye. Poissy. Cergy.,A
,Le Parc de Saint Maur,201905150028,St-Germain-en-Laye. Poissy. Cergy.,A
,Sucy-Bonneuil,201905150029,Boissy-St-Léger. Marne-la-Vallée.,R
,Nanterre Ville,201905150029,Boissy-St-Léger. Marne-la-Vallée.,R
,Neuilly-Plaisance,201905150030,Boissy-St-Léger. Marne-la-Vallée.,R
,Val de Fontenay,201905150031,St-Germain-en-Laye. Poissy. Cergy.,A
,Gare de Lyon,201905150031,Boissy-St-Léger. Marne-la-Vallée.,R
,Chatelet-Les-Halles,201905150031,St-Germain-en-Laye. Poissy. Cergy.,A
,Charles de Gaulle-Etoile,201905150030,Boissy-St-Léger. Marne-la-Vallée.,R
,Val d'Europe-Serris,201905150030,St-Germain-en-Laye. Poissy. Cergy.,A
,Val de Fontenay,201905150031,Boissy-St-Léger. Marne-la-Vallée.,R
,Saint Maur-Creteil,201905150030,St-Germain-en-Laye. Poissy. Cergy.,A
,Le Vesinet Centre,201905150031,St-Germain-en-Laye. Poissy. Cergy.,A
,Nation,201905150031,St-Germain-en-Laye. Poissy. Cergy.,A
,Charles de Gaulle-Etoile,201905150031,Boissy-St-Léger. Marne-la-Vallée.,R
,Nanterre Universite,201905150031,Boissy-St-Léger. Marne-la-Vallée.,R
,Val d'Europe-Serris,201905150031,St-Germain-en-Laye. Poissy. Cergy.,A
,Bry Sur Marne,201905150031,Boissy-St-Léger. Marne-la-Vallée.,R
,Saint Maur-Creteil,201905150031,St-Germain-en-Laye. Poissy. Cergy.,A
,Lognes,201905150015,St-Germain-en-Laye. Poissy. Cergy.,A
,Bry Sur Marne,201905150015,Boissy-St-Léger. Marne-la-Vallée.,R
,Champigny,201905150015,St-Germain-en-Laye. Poissy. Cergy.,A
,Nation,201905150032,Boissy-St-Léger. Marne-la-Vallée.,R
,Lognes,201905150033,St-Germain-en-Laye. Poissy. Cergy.,A
,Gare de Lyon,201905150033,St-Germain-en-Laye. Poissy. Cergy.,A
,Bussy St-Georges,201905150033,Boissy-St-Léger. Marne-la-Vallée.,R
,Neuilly-Plaisance,201905150034,Boissy-St-Léger. Marne-la-Vallée.,R
,Nation,201905150033,Boissy-St-Léger. Marne-la-Vallée.,R
,Auber,201905150033,St-Germain-en-Laye. Poissy. Cergy.,A
,Nanterre Universite,201905150034,St-Germain-en-Laye. Poissy. Cergy.,A
,Vincennes,201905150034,St-Germain-en-Laye. Poissy. Cergy.,A
,Bussy St-Georges,201905150035,St-Germain-en-Laye. Poissy. Cergy.,A
,Nogent Sur Marne,201905150034,St-Germain-en-Laye. Poissy. Cergy.,A
,Fontenay Sous Bois,201905150036,St-Germain-en-Laye. Poissy. Cergy.,A
,Chatelet-Les-Halles,201905150036,St-Germain-en-Laye. Poissy. Cergy.,A
,Nanterre Universite,201905150035,St-Germain-en-Laye. Poissy. Cergy.,A
,Bussy St-Georges,201905150036,St-Germain-en-Laye. Poissy. Cergy.,A
,Noisiel,201905150036,St-Germain-en-Laye. Poissy. Cergy.,A
,Noisy-Champs,201905150036,Boissy-St-Léger. Marne-la-Vallée.,R
,Bry Sur Marne,201905150036,Boissy-St-Léger. Marne-la-Vallée.,R
,Vincennes,201905150036,Boissy-St-Léger. Marne-la-Vallée.,R
,Charles de Gaulle-Etoile,201905150036,St-Germain-en-Laye. Poissy. Cergy.,A
,Fontenay Sous Bois,201905150038,Boissy-St-Léger. Marne-la-Vallée.,R
,Nation,201905150037,St-Germain-en-Laye. Poissy. Cergy.,A
,Nanterre Ville,201905150037,St-Germain-en-Laye. Poissy. Cergy.,A
,Val d'Europe-Serris,201905150038,Boissy-St-Léger. Marne-la-Vallée.,R
,Noisiel,201905150038,Boissy-St-Léger. Marne-la-Vallée.,R
,Fontenay Sous Bois,201905150039,Boissy-St-Léger. Marne-la-Vallée.,R
,Gare de Lyon,201905150039,St-Germain-en-Laye. Poissy. Cergy.,A
,Auber,201905150038,St-Germain-en-Laye. Poissy. Cergy.,A
,Noisy-Champs,201905150039,St-Germain-en-Laye. Poissy. Cergy.,A
,Vincennes,201905150039,St-Germain-en-Laye. Poissy. Cergy.,A
,Gare de Lyon,201905150040,St-Germain-en-Laye. Poissy. Cergy.,A
,Auber,201905150039,St-Germain-en-Laye. Poissy. Cergy.,A
,Charles de Gaulle-Etoile,201905150039,Boissy-St-Léger. Marne-la-Vallée.,R
,Chatou-Croissy,201905150040,St-Germain-en-Laye. Poissy. Cergy.,A
,Noisiel,201905150039,Boissy-St-Léger. Marne-la-Vallée.,R
,Chatou-Croissy,201905150041,St-Germain-en-Laye. Poissy. Cergy.,A
,Lognes,201905150041,St-Germain-en-Laye. Poissy. Cergy.,A
,Nogent Sur Marne,201905150040,Boissy-St-Léger. Marne-la-Vallée.,R
,Gare de Lyon,201905150016,Boissy-St-Léger. Marne-la-Vallée.,R
,Auber,201905150016,St-Germain-en-Laye. Poissy. Cergy.,A
,Chatou-Croissy,201905150016,St-Germain-en-Laye. Poissy. Cergy.,A
,Neuilly-Plaisance,201905150016,St-Germain-en-Laye. Poissy. Cergy.,A
,Vincennes,201905150040,St-Germain-en-Laye. Poissy. Cergy.,A
,Noisy-Champs,201905150041,Boissy-St-Léger. Marne-la-Vallée.,R
,Auber,201905150017,Boissy-St-Léger. Marne-la-Vallée.,R
,Sucy-Bonneuil,201905150016,Boissy-St-Léger. Marne-la-Vallée.,R
,Val d'Europe-Serris,201905150017,Boissy-St-Léger. Marne-la-Vallée.,R
,Noisiel,201905150017,St-Germain-en-Laye. Poissy. Cergy.,A
,Le Parc de Saint Maur,201905150016,St-Germain-en-Laye. Poissy. Cergy.,A
,Nogent Sur Marne,201905150016,Boissy-St-Léger. Marne-la-Vallée.,R
,Gare de Lyon,201905150017,St-Germain-en-Laye. Poissy. Cergy.,A
,Val d'Europe-Serris,201905150018,Boissy-St-Léger. Marne-la-Vallée.,R
,Noisiel,201905150018,St-Germain-en-Laye. Poissy. Cergy.,A
,Val de Fontenay,201905150018,St-Germain-en-Laye. Poissy. Cergy.,A
,Le Vesinet Centre,201905150018,St-Germain-en-Laye. Poissy. Cergy.,A
,Nation,201905150018,Boissy-St-Léger. Marne-la-Vallée.,R
,Chatelet-Les-Halles,201905150018,Boissy-St-Léger. Marne-la-Vallée.,R
,Charles de Gaulle-Etoile,201905150018,St-Germain-en-Laye. Poissy. Cergy.,A
,Val d'Europe-Serris,201905150019,Boissy-St-Léger. Marne-la-Vallée.,R
,Val de Fontenay,201905150019,St-Germain-en-Laye. Poissy. Cergy.,A
,Saint Maur-Creteil,201905150018,St-Germain-en-Laye. Poissy. Cergy.,A
,Le Vesinet Centre,201905150019,St-Germain-en-Laye. Poissy. Cergy.,A
,Val d'Europe-Serris,201905150020,Boissy-St-Léger. Marne-la-Vallée.,R
,Noisy-Champs,201905150020,St-Germain-en-Laye. Poissy. Cergy.,A
,Saint Maur-Creteil,201905150019,St-Germain-en-Laye. Poissy. Cergy.,A
,Chatelet-Les-Halles,201905150020,St-Germain-en-Laye. Poissy. Cergy.,A
,Noisy-Champs,201905150021,St-Germain-en-Laye. Poissy. Cergy.,A
,Saint Maur-Creteil,201905150020,Boissy-St-Léger. Marne-la-Vallée.,R
,Sucy-Bonneuil,201905150021,St-Germain-en-Laye. Poissy. Cergy.,A
,Nanterre Universite,201905150021,St-Germain-en-Laye. Poissy. Cergy.,A
,Vincennes,201905150022,Boissy-St-Léger. Marne-la-Vallée.,R
,Val d'Europe-Serris,201905150022,St-Germain-en-Laye. Poissy. Cergy.,A
,Le Parc de Saint Maur,201905150022,Boissy-St-Léger. Marne-la-Vallée.,R