{
	"info": {
		"_postman_id": "1562df26-9907-4ecf-848a-1e9ff3b2a081",
		"name": "Lozere",
		"schema": "https://schema.getpostman.com/json/collection/v2.1.0/collection.json"
	},
	"item": [
		{
			"name": "Lozere",
			"event": [
				{
					"listen": "test",
					"script": {
						"id": "0a395d9c-3c9a-4c46-8c48-9db8db6b6eb4",
						"exec": [
							"pm.test(responseBody, true)"
						],
						"type": "text/javascript"
					}
				}
			],
			"request": {
				"method": "POST",
				"header": [
					{
						"key": "Content-Type",
						"value": "text/xml"
					},
					{
						"key": "SOAPAction",
						"value": "urn:getMissionsNext"
					}
				],
				"body": {
					"mode": "raw",
					"raw": "<soapenv:Envelope xmlns:soapenv=\"http://schemas.xmlsoap.org/soap/envelope/\" xmlns:xsd=\"http://wsiv.ratp.fr/xsd\" xmlns:wsiv=\"http://wsiv.ratp.fr\">\n\t<soapenv:Header/>\n\t\t<soapenv:Body>\n\t\t\t<wsiv:getMissionsNext>\n\t\t\t\t\t<wsiv:station>\n\t\t\t\t\t\t<xsd:line>\n\t\t\t\t\t\t\t<xsd:id>RB</xsd:id>\n\t\t\t\t\t\t</xsd:line>\n\t\t\t\t\t<xsd:name>Lozere</xsd:name>\n\t\t\t\t\t</wsiv:station>\n\t\t\t\t\t<wsiv:direction>\n\t\t\t\t\t\t<xsd:sens>*</xsd:sens>\n\t\t\t\t\t</wsiv:direction>\n\t\t\t</wsiv:getMissionsNext>\n\t\t</soapenv:Body>\n</soapenv:Envelope>"
				},
				"url": {
					"raw": "http://opendata-tr.ratp.fr/wsiv/services/Wsiv",
					"protocol": "http",
					"host": [
						"opendata-tr",
						"ratp",
						"fr"
					],
					"path": [
						"wsiv",
						"services",
						"Wsiv"
					]
				}
			},
			"response": []
		}
	]
}