{
	"info": {
		"_postman_id": "e4f44239-db0c-4f8c-85ee-1a6be1d32600",
		"name": "RERA",
		"schema": "https://schema.getpostman.com/json/collection/v2.1.0/collection.json"
	},
	"item": [
		{
			"name": "Le Vesinet Centre",
			"event": [
				{
					"listen": "test",
					"script": {
						"id": "7791de89-319c-4819-a919-83c5c7d55e36",
						"exec": [
							"pm.test(responseBody, true)"
						],
						"type": "text/javascript"
					}
				}
			],
			"request": {
				"method": "POST",
				"header": [
					{
						"key": "Content-Type",
						"value": "text/xml"
					},
					{
						"key": "SOAPAction",
						"value": "urn:getMissionsNext"
					}
				],
				"body": {
					"mode": "raw",
					"raw": "<soapenv:Envelope xmlns:soapenv=\"http://schemas.xmlsoap.org/soap/envelope/\" xmlns:xsd=\"http://wsiv.ratp.fr/xsd\" xmlns:wsiv=\"http://wsiv.ratp.fr\">\n\t<soapenv:Header/>\n\t\t<soapenv:Body>\n\t\t\t<wsiv:getMissionsNext>\n\t\t\t\t\t<wsiv:station>\n\t\t\t\t\t\t<xsd:line>\n\t\t\t\t\t\t\t<xsd:id>RA</xsd:id>\n\t\t\t\t\t\t</xsd:line>\n\t\t\t\t\t<xsd:name>Le Vesinet Centre</xsd:name>\n\t\t\t\t\t</wsiv:station>\n\t\t\t\t\t<wsiv:direction>\n\t\t\t\t\t\t<xsd:sens>*</xsd:sens>\n\t\t\t\t\t</wsiv:direction>\n\t\t\t</wsiv:getMissionsNext>\n\t\t</soapenv:Body>\n</soapenv:Envelope>"
				},
				"url": {
					"raw": "http://opendata-tr.ratp.fr/wsiv/services/Wsiv",
					"protocol": "http",
					"host": [
						"opendata-tr",
						"ratp",
						"fr"
					],
					"path": [
						"wsiv",
						"services",
						"Wsiv"
					]
				}
			},
			"response": []
		},
		{
			"name": "Boissy Saint Leger",
			"event": [
				{
					"listen": "test",
					"script": {
						"id": "59ad1a4b-32ff-4fc9-85e4-59aa081bb5fd",
						"exec": [
							"pm.test(responseBody, true)"
						],
						"type": "text/javascript"
					}
				}
			],
			"request": {
				"method": "POST",
				"header": [
					{
						"key": "Content-Type",
						"value": "text/xml"
					},
					{
						"key": "SOAPAction",
						"value": "urn:getMissionsNext"
					}
				],
				"body": {
					"mode": "raw",
					"raw": "<soapenv:Envelope xmlns:soapenv=\"http://schemas.xmlsoap.org/soap/envelope/\" xmlns:xsd=\"http://wsiv.ratp.fr/xsd\" xmlns:wsiv=\"http://wsiv.ratp.fr\">\n\t<soapenv:Header/>\n\t\t<soapenv:Body>\n\t\t\t<wsiv:getMissionsNext>\n\t\t\t\t\t<wsiv:station>\n\t\t\t\t\t\t<xsd:line>\n\t\t\t\t\t\t\t<xsd:id>RA</xsd:id>\n\t\t\t\t\t\t</xsd:line>\n\t\t\t\t\t<xsd:name>Boissy Saint Leger</xsd:name>\n\t\t\t\t\t</wsiv:station>\n\t\t\t\t\t<wsiv:direction>\n\t\t\t\t\t\t<xsd:sens>*</xsd:sens>\n\t\t\t\t\t</wsiv:direction>\n\t\t\t</wsiv:getMissionsNext>\n\t\t</soapenv:Body>\n</soapenv:Envelope>"
				},
				"url": {
					"raw": "http://opendata-tr.ratp.fr/wsiv/services/Wsiv",
					"protocol": "http",
					"host": [
						"opendata-tr",
						"ratp",
						"fr"
					],
					"path": [
						"wsiv",
						"services",
						"Wsiv"
					]
				}
			},
			"response": []
		},
		{
			"name": "Sucy-Bonneuil",
			"event": [
				{
					"listen": "test",
					"script": {
						"id": "23f9b420-589b-43f7-a7f6-ca176f9762f8",
						"exec": [
							"pm.test(responseBody, true)"
						],
						"type": "text/javascript"
					}
				}
			],
			"request": {
				"method": "POST",
				"header": [
					{
						"key": "Content-Type",
						"value": "text/xml"
					},
					{
						"key": "SOAPAction",
						"value": "urn:getMissionsNext"
					}
				],
				"body": {
					"mode": "raw",
					"raw": "<soapenv:Envelope xmlns:soapenv=\"http://schemas.xmlsoap.org/soap/envelope/\" xmlns:xsd=\"http://wsiv.ratp.fr/xsd\" xmlns:wsiv=\"http://wsiv.ratp.fr\">\n\t<soapenv:Header/>\n\t\t<soapenv:Body>\n\t\t\t<wsiv:getMissionsNext>\n\t\t\t\t\t<wsiv:station>\n\t\t\t\t\t\t<xsd:line>\n\t\t\t\t\t\t\t<xsd:id>RA</xsd:id>\n\t\t\t\t\t\t</xsd:line>\n\t\t\t\t\t<xsd:name>Sucy-Bonneuil</xsd:name>\n\t\t\t\t\t</wsiv:station>\n\t\t\t\t\t<wsiv:direction>\n\t\t\t\t\t\t<xsd:sens>*</xsd:sens>\n\t\t\t\t\t</wsiv:direction>\n\t\t\t</wsiv:getMissionsNext>\n\t\t</soapenv:Body>\n</soapenv:Envelope>"
				},
				"url": {
					"raw": "http://opendata-tr.ratp.fr/wsiv/services/Wsiv",
					"protocol": "http",
					"host": [
						"opendata-tr",
						"ratp",
						"fr"
					],
					"path": [
						"wsiv",
						"services",
						"Wsiv"
					]
				}
			},
			"response": []
		},
		{
			"name": "La Varenne-Chennevieres",
			"event": [
				{
					"listen": "test",
					"script": {
						"id": "694b6744-2209-4f44-afd7-a8a5b632107e",
						"exec": [
							"pm.test(responseBody, true)"
						],
						"type": "text/javascript"
					}
				}
			],
			"request": {
				"method": "POST",
				"header": [
					{
						"key": "Content-Type",
						"value": "text/xml"
					},
					{
						"key": "SOAPAction",
						"value": "urn:getMissionsNext"
					}
				],
				"body": {
					"mode": "raw",
					"raw": "<soapenv:Envelope xmlns:soapenv=\"http://schemas.xmlsoap.org/soap/envelope/\" xmlns:xsd=\"http://wsiv.ratp.fr/xsd\" xmlns:wsiv=\"http://wsiv.ratp.fr\">\n\t<soapenv:Header/>\n\t\t<soapenv:Body>\n\t\t\t<wsiv:getMissionsNext>\n\t\t\t\t\t<wsiv:station>\n\t\t\t\t\t\t<xsd:line>\n\t\t\t\t\t\t\t<xsd:id>RA</xsd:id>\n\t\t\t\t\t\t</xsd:line>\n\t\t\t\t\t<xsd:name>La Varenne-Chennevieres</xsd:name>\n\t\t\t\t\t</wsiv:station>\n\t\t\t\t\t<wsiv:direction>\n\t\t\t\t\t\t<xsd:sens>*</xsd:sens>\n\t\t\t\t\t</wsiv:direction>\n\t\t\t</wsiv:getMissionsNext>\n\t\t</soapenv:Body>\n</soapenv:Envelope>"
				},
				"url": {
					"raw": "http://opendata-tr.ratp.fr/wsiv/services/Wsiv",
					"protocol": "http",
					"host": [
						"opendata-tr",
						"ratp",
						"fr"
					],
					"path": [
						"wsiv",
						"services",
						"Wsiv"
					]
				}
			},
			"response": []
		},
		{
			"name": "Champigny",
			"event": [
				{
					"listen": "test",
					"script": {
						"id": "a318b0f4-985d-4ba4-985b-e8c8c1cc45bd",
						"exec": [
							"pm.test(responseBody, true)"
						],
						"type": "text/javascript"
					}
				}
			],
			"request": {
				"method": "POST",
				"header": [
					{
						"key": "Content-Type",
						"value": "text/xml"
					},
					{
						"key": "SOAPAction",
						"value": "urn:getMissionsNext"
					}
				],
				"body": {
					"mode": "raw",
					"raw": "<soapenv:Envelope xmlns:soapenv=\"http://schemas.xmlsoap.org/soap/envelope/\" xmlns:xsd=\"http://wsiv.ratp.fr/xsd\" xmlns:wsiv=\"http://wsiv.ratp.fr\">\n\t<soapenv:Header/>\n\t\t<soapenv:Body>\n\t\t\t<wsiv:getMissionsNext>\n\t\t\t\t\t<wsiv:station>\n\t\t\t\t\t\t<xsd:line>\n\t\t\t\t\t\t\t<xsd:id>RA</xsd:id>\n\t\t\t\t\t\t</xsd:line>\n\t\t\t\t\t<xsd:name>Champigny</xsd:name>\n\t\t\t\t\t</wsiv:station>\n\t\t\t\t\t<wsiv:direction>\n\t\t\t\t\t\t<xsd:sens>*</xsd:sens>\n\t\t\t\t\t</wsiv:direction>\n\t\t\t</wsiv:getMissionsNext>\n\t\t</soapenv:Body>\n</soapenv:Envelope>"
				},
				"url": {
					"raw": "http://opendata-tr.ratp.fr/wsiv/services/Wsiv",
					"protocol": "http",
					"host": [
						"opendata-tr",
						"ratp",
						"fr"
					],
					"path": [
						"wsiv",
						"services",
						"Wsiv"
					]
				}
			},
			"response": []
		},
		{
			"name": "Le Parc de Saint Maur",
			"event": [
				{
					"listen": "test",
					"script": {
						"id": "2497fd28-e640-4cb2-9e8d-414773690f83",
						"exec": [
							"pm.test(responseBody, true)"
						],
						"type": "text/javascript"
					}
				}
			],
			"request": {
				"method": "POST",
				"header": [
					{
						"key": "Content-Type",
						"value": "text/xml"
					},
					{
						"key": "SOAPAction",
						"value": "urn:getMissionsNext"
					}
				],
				"body": {
					"mode": "raw",
					"raw": "<soapenv:Envelope xmlns:soapenv=\"http://schemas.xmlsoap.org/soap/envelope/\" xmlns:xsd=\"http://wsiv.ratp.fr/xsd\" xmlns:wsiv=\"http://wsiv.ratp.fr\">\n\t<soapenv:Header/>\n\t\t<soapenv:Body>\n\t\t\t<wsiv:getMissionsNext>\n\t\t\t\t\t<wsiv:station>\n\t\t\t\t\t\t<xsd:line>\n\t\t\t\t\t\t\t<xsd:id>RA</xsd:id>\n\t\t\t\t\t\t</xsd:line>\n\t\t\t\t\t<xsd:name>Le Parc de Saint Maur</xsd:name>\n\t\t\t\t\t</wsiv:station>\n\t\t\t\t\t<wsiv:direction>\n\t\t\t\t\t\t<xsd:sens>*</xsd:sens>\n\t\t\t\t\t</wsiv:direction>\n\t\t\t</wsiv:getMissionsNext>\n\t\t</soapenv:Body>\n</soapenv:Envelope>"
				},
				"url": {
					"raw": "http://opendata-tr.ratp.fr/wsiv/services/Wsiv",
					"protocol": "http",
					"host": [
						"opendata-tr",
						"ratp",
						"fr"
					],
					"path": [
						"wsiv",
						"services",
						"Wsiv"
					]
				}
			},
			"response": []
		},
		{
			"name": "Saint Maur-Creteil",
			"event": [
				{
					"listen": "test",
					"script": {
						"id": "73095c05-a9cc-42d5-a1c3-a3ef5090d380",
						"exec": [
							"pm.test(responseBody, true)"
						],
						"type": "text/javascript"
					}
				}
			],
			"request": {
				"method": "POST",
				"header": [
					{
						"key": "Content-Type",
						"value": "text/xml"
					},
					{
						"key": "SOAPAction",
						"value": "urn:getMissionsNext"
					}
				],
				"body": {
					"mode": "raw",
					"raw": "<soapenv:Envelope xmlns:soapenv=\"http://schemas.xmlsoap.org/soap/envelope/\" xmlns:xsd=\"http://wsiv.ratp.fr/xsd\" xmlns:wsiv=\"http://wsiv.ratp.fr\">\n\t<soapenv:Header/>\n\t\t<soapenv:Body>\n\t\t\t<wsiv:getMissionsNext>\n\t\t\t\t\t<wsiv:station>\n\t\t\t\t\t\t<xsd:line>\n\t\t\t\t\t\t\t<xsd:id>RA</xsd:id>\n\t\t\t\t\t\t</xsd:line>\n\t\t\t\t\t<xsd:name>Saint Maur-Creteil</xsd:name>\n\t\t\t\t\t</wsiv:station>\n\t\t\t\t\t<wsiv:direction>\n\t\t\t\t\t\t<xsd:sens>*</xsd:sens>\n\t\t\t\t\t</wsiv:direction>\n\t\t\t</wsiv:getMissionsNext>\n\t\t</soapenv:Body>\n</soapenv:Envelope>"
				},
				"url": {
					"raw": "http://opendata-tr.ratp.fr/wsiv/services/Wsiv",
					"protocol": "http",
					"host": [
						"opendata-tr",
						"ratp",
						"fr"
					],
					"path": [
						"wsiv",
						"services",
						"Wsiv"
					]
				}
			},
			"response": []
		},
		{
			"name": "Joinville le Pont",
			"event": [
				{
					"listen": "test",
					"script": {
						"id": "b4408730-c176-426c-9fbe-e44f2d402561",
						"exec": [
							"pm.test(responseBody, true)"
						],
						"type": "text/javascript"
					}
				}
			],
			"request": {
				"method": "POST",
				"header": [
					{
						"key": "Content-Type",
						"value": "text/xml"
					},
					{
						"key": "SOAPAction",
						"value": "urn:getMissionsNext"
					}
				],
				"body": {
					"mode": "raw",
					"raw": "<soapenv:Envelope xmlns:soapenv=\"http://schemas.xmlsoap.org/soap/envelope/\" xmlns:xsd=\"http://wsiv.ratp.fr/xsd\" xmlns:wsiv=\"http://wsiv.ratp.fr\">\n\t<soapenv:Header/>\n\t\t<soapenv:Body>\n\t\t\t<wsiv:getMissionsNext>\n\t\t\t\t\t<wsiv:station>\n\t\t\t\t\t\t<xsd:line>\n\t\t\t\t\t\t\t<xsd:id>RA</xsd:id>\n\t\t\t\t\t\t</xsd:line>\n\t\t\t\t\t<xsd:name>Joinville le Pont</xsd:name>\n\t\t\t\t\t</wsiv:station>\n\t\t\t\t\t<wsiv:direction>\n\t\t\t\t\t\t<xsd:sens>*</xsd:sens>\n\t\t\t\t\t</wsiv:direction>\n\t\t\t</wsiv:getMissionsNext>\n\t\t</soapenv:Body>\n</soapenv:Envelope>"
				},
				"url": {
					"raw": "http://opendata-tr.ratp.fr/wsiv/services/Wsiv",
					"protocol": "http",
					"host": [
						"opendata-tr",
						"ratp",
						"fr"
					],
					"path": [
						"wsiv",
						"services",
						"Wsiv"
					]
				}
			},
			"response": []
		},
		{
			"name": "Nogent Sur Marne",
			"event": [
				{
					"listen": "test",
					"script": {
						"id": "5fa591c0-4bb3-406a-8603-ceb26cb34c67",
						"exec": [
							"pm.test(responseBody, true)"
						],
						"type": "text/javascript"
					}
				}
			],
			"request": {
				"method": "POST",
				"header": [
					{
						"key": "Content-Type",
						"value": "text/xml"
					},
					{
						"key": "SOAPAction",
						"value": "urn:getMissionsNext"
					}
				],
				"body": {
					"mode": "raw",
					"raw": "<soapenv:Envelope xmlns:soapenv=\"http://schemas.xmlsoap.org/soap/envelope/\" xmlns:xsd=\"http://wsiv.ratp.fr/xsd\" xmlns:wsiv=\"http://wsiv.ratp.fr\">\n\t<soapenv:Header/>\n\t\t<soapenv:Body>\n\t\t\t<wsiv:getMissionsNext>\n\t\t\t\t\t<wsiv:station>\n\t\t\t\t\t\t<xsd:line>\n\t\t\t\t\t\t\t<xsd:id>RA</xsd:id>\n\t\t\t\t\t\t</xsd:line>\n\t\t\t\t\t<xsd:name>Nogent Sur Marne</xsd:name>\n\t\t\t\t\t</wsiv:station>\n\t\t\t\t\t<wsiv:direction>\n\t\t\t\t\t\t<xsd:sens>*</xsd:sens>\n\t\t\t\t\t</wsiv:direction>\n\t\t\t</wsiv:getMissionsNext>\n\t\t</soapenv:Body>\n</soapenv:Envelope>"
				},
				"url": {
					"raw": "http://opendata-tr.ratp.fr/wsiv/services/Wsiv",
					"protocol": "http",
					"host": [
						"opendata-tr",
						"ratp",
						"fr"
					],
					"path": [
						"wsiv",
						"services",
						"Wsiv"
					]
				}
			},
			"response": []
		},
		{
			"name": "Fontenay Sous Bois",
			"event": [
				{
					"listen": "test",
					"script": {
						"id": "7ce24454-407b-4a0c-8cba-2ec4dabdb1c4",
						"exec": [
							"pm.test(responseBody, true)"
						],
						"type": "text/javascript"
					}
				}
			],
			"request": {
				"method": "POST",
				"header": [
					{
						"key": "Content-Type",
						"value": "text/xml"
					},
					{
						"key": "SOAPAction",
						"value": "urn:getMissionsNext"
					}
				],
				"body": {
					"mode": "raw",
					"raw": "<soapenv:Envelope xmlns:soapenv=\"http://schemas.xmlsoap.org/soap/envelope/\" xmlns:xsd=\"http://wsiv.ratp.fr/xsd\" xmlns:wsiv=\"http://wsiv.ratp.fr\">\n\t<soapenv:Header/>\n\t\t<soapenv:Body>\n\t\t\t<wsiv:getMissionsNext>\n\t\t\t\t\t<wsiv:station>\n\t\t\t\t\t\t<xsd:line>\n\t\t\t\t\t\t\t<xsd:id>RA</xsd:id>\n\t\t\t\t\t\t</xsd:line>\n\t\t\t\t\t<xsd:name>Fontenay Sous Bois</xsd:name>\n\t\t\t\t\t</wsiv:station>\n\t\t\t\t\t<wsiv:direction>\n\t\t\t\t\t\t<xsd:sens>*</xsd:sens>\n\t\t\t\t\t</wsiv:direction>\n\t\t\t</wsiv:getMissionsNext>\n\t\t</soapenv:Body>\n</soapenv:Envelope>"
				},
				"url": {
					"raw": "http://opendata-tr.ratp.fr/wsiv/services/Wsiv",
					"protocol": "http",
					"host": [
						"opendata-tr",
						"ratp",
						"fr"
					],
					"path": [
						"wsiv",
						"services",
						"Wsiv"
					]
				}
			},
			"response": []
		},
		{
			"name": "Vincennes",
			"event": [
				{
					"listen": "test",
					"script": {
						"id": "b804d08e-1c2f-4647-b4aa-c467e20b5557",
						"exec": [
							"pm.test(responseBody, true)"
						],
						"type": "text/javascript"
					}
				}
			],
			"request": {
				"method": "POST",
				"header": [
					{
						"key": "Content-Type",
						"value": "text/xml"
					},
					{
						"key": "SOAPAction",
						"value": "urn:getMissionsNext"
					}
				],
				"body": {
					"mode": "raw",
					"raw": "<soapenv:Envelope xmlns:soapenv=\"http://schemas.xmlsoap.org/soap/envelope/\" xmlns:xsd=\"http://wsiv.ratp.fr/xsd\" xmlns:wsiv=\"http://wsiv.ratp.fr\">\n\t<soapenv:Header/>\n\t\t<soapenv:Body>\n\t\t\t<wsiv:getMissionsNext>\n\t\t\t\t\t<wsiv:station>\n\t\t\t\t\t\t<xsd:line>\n\t\t\t\t\t\t\t<xsd:id>RA</xsd:id>\n\t\t\t\t\t\t</xsd:line>\n\t\t\t\t\t<xsd:name>Vincennes</xsd:name>\n\t\t\t\t\t</wsiv:station>\n\t\t\t\t\t<wsiv:direction>\n\t\t\t\t\t\t<xsd:sens>*</xsd:sens>\n\t\t\t\t\t</wsiv:direction>\n\t\t\t</wsiv:getMissionsNext>\n\t\t</soapenv:Body>\n</soapenv:Envelope>"
				},
				"url": {
					"raw": "http://opendata-tr.ratp.fr/wsiv/services/Wsiv",
					"protocol": "http",
					"host": [
						"opendata-tr",
						"ratp",
						"fr"
					],
					"path": [
						"wsiv",
						"services",
						"Wsiv"
					]
				}
			},
			"response": []
		},
		{
			"name": "Nation",
			"event": [
				{
					"listen": "test",
					"script": {
						"id": "42b7bec0-0d2a-4722-883f-b79adaf268cc",
						"exec": [
							"pm.test(responseBody, true)"
						],
						"type": "text/javascript"
					}
				}
			],
			"request": {
				"method": "POST",
				"header": [
					{
						"key": "Content-Type",
						"value": "text/xml"
					},
					{
						"key": "SOAPAction",
						"value": "urn:getMissionsNext"
					}
				],
				"body": {
					"mode": "raw",
					"raw": "<soapenv:Envelope xmlns:soapenv=\"http://schemas.xmlsoap.org/soap/envelope/\" xmlns:xsd=\"http://wsiv.ratp.fr/xsd\" xmlns:wsiv=\"http://wsiv.ratp.fr\">\n\t<soapenv:Header/>\n\t\t<soapenv:Body>\n\t\t\t<wsiv:getMissionsNext>\n\t\t\t\t\t<wsiv:station>\n\t\t\t\t\t\t<xsd:line>\n\t\t\t\t\t\t\t<xsd:id>RA</xsd:id>\n\t\t\t\t\t\t</xsd:line>\n\t\t\t\t\t<xsd:name>Nation</xsd:name>\n\t\t\t\t\t</wsiv:station>\n\t\t\t\t\t<wsiv:direction>\n\t\t\t\t\t\t<xsd:sens>*</xsd:sens>\n\t\t\t\t\t</wsiv:direction>\n\t\t\t</wsiv:getMissionsNext>\n\t\t</soapenv:Body>\n</soapenv:Envelope>"
				},
				"url": {
					"raw": "http://opendata-tr.ratp.fr/wsiv/services/Wsiv",
					"protocol": "http",
					"host": [
						"opendata-tr",
						"ratp",
						"fr"
					],
					"path": [
						"wsiv",
						"services",
						"Wsiv"
					]
				}
			},
			"response": []
		},
		{
			"name": "Gare de Lyon",
			"event": [
				{
					"listen": "test",
					"script": {
						"id": "dd32d1f1-e318-423f-84c2-b2b1348ec923",
						"exec": [
							"pm.test(responseBody, true)"
						],
						"type": "text/javascript"
					}
				}
			],
			"request": {
				"method": "POST",
				"header": [
					{
						"key": "Content-Type",
						"value": "text/xml"
					},
					{
						"key": "SOAPAction",
						"value": "urn:getMissionsNext"
					}
				],
				"body": {
					"mode": "raw",
					"raw": "<soapenv:Envelope xmlns:soapenv=\"http://schemas.xmlsoap.org/soap/envelope/\" xmlns:xsd=\"http://wsiv.ratp.fr/xsd\" xmlns:wsiv=\"http://wsiv.ratp.fr\">\n\t<soapenv:Header/>\n\t\t<soapenv:Body>\n\t\t\t<wsiv:getMissionsNext>\n\t\t\t\t\t<wsiv:station>\n\t\t\t\t\t\t<xsd:line>\n\t\t\t\t\t\t\t<xsd:id>RA</xsd:id>\n\t\t\t\t\t\t</xsd:line>\n\t\t\t\t\t<xsd:name>Gare de Lyon</xsd:name>\n\t\t\t\t\t</wsiv:station>\n\t\t\t\t\t<wsiv:direction>\n\t\t\t\t\t\t<xsd:sens>*</xsd:sens>\n\t\t\t\t\t</wsiv:direction>\n\t\t\t</wsiv:getMissionsNext>\n\t\t</soapenv:Body>\n</soapenv:Envelope>"
				},
				"url": {
					"raw": "http://opendata-tr.ratp.fr/wsiv/services/Wsiv",
					"protocol": "http",
					"host": [
						"opendata-tr",
						"ratp",
						"fr"
					],
					"path": [
						"wsiv",
						"services",
						"Wsiv"
					]
				}
			},
			"response": []
		},
		{
			"name": "Chatelet-les Halles",
			"event": [
				{
					"listen": "test",
					"script": {
						"id": "4ec7e5d0-81b8-451d-88f8-1b24c3968644",
						"exec": [
							"pm.test(responseBody, true)"
						],
						"type": "text/javascript"
					}
				}
			],
			"request": {
				"method": "POST",
				"header": [
					{
						"key": "Content-Type",
						"value": "text/xml"
					},
					{
						"key": "SOAPAction",
						"value": "urn:getMissionsNext"
					}
				],
				"body": {
					"mode": "raw",
					"raw": "<soapenv:Envelope xmlns:soapenv=\"http://schemas.xmlsoap.org/soap/envelope/\" xmlns:xsd=\"http://wsiv.ratp.fr/xsd\" xmlns:wsiv=\"http://wsiv.ratp.fr\">\n\t<soapenv:Header/>\n\t\t<soapenv:Body>\n\t\t\t<wsiv:getMissionsNext>\n\t\t\t\t\t<wsiv:station>\n\t\t\t\t\t\t<xsd:line>\n\t\t\t\t\t\t\t<xsd:id>RA</xsd:id>\n\t\t\t\t\t\t</xsd:line>\n\t\t\t\t\t<xsd:name>Chatelet-les Halles</xsd:name>\n\t\t\t\t\t</wsiv:station>\n\t\t\t\t\t<wsiv:direction>\n\t\t\t\t\t\t<xsd:sens>*</xsd:sens>\n\t\t\t\t\t</wsiv:direction>\n\t\t\t</wsiv:getMissionsNext>\n\t\t</soapenv:Body>\n</soapenv:Envelope>"
				},
				"url": {
					"raw": "http://opendata-tr.ratp.fr/wsiv/services/Wsiv",
					"protocol": "http",
					"host": [
						"opendata-tr",
						"ratp",
						"fr"
					],
					"path": [
						"wsiv",
						"services",
						"Wsiv"
					]
				}
			},
			"response": []
		},
		{
			"name": "Auber",
			"event": [
				{
					"listen": "test",
					"script": {
						"id": "2d41418b-cd74-40bd-9c95-9ab9fd60466f",
						"exec": [
							"pm.test(responseBody, true)"
						],
						"type": "text/javascript"
					}
				}
			],
			"request": {
				"method": "POST",
				"header": [
					{
						"key": "Content-Type",
						"value": "text/xml"
					},
					{
						"key": "SOAPAction",
						"value": "urn:getMissionsNext"
					}
				],
				"body": {
					"mode": "raw",
					"raw": "<soapenv:Envelope xmlns:soapenv=\"http://schemas.xmlsoap.org/soap/envelope/\" xmlns:xsd=\"http://wsiv.ratp.fr/xsd\" xmlns:wsiv=\"http://wsiv.ratp.fr\">\n\t<soapenv:Header/>\n\t\t<soapenv:Body>\n\t\t\t<wsiv:getMissionsNext>\n\t\t\t\t\t<wsiv:station>\n\t\t\t\t\t\t<xsd:line>\n\t\t\t\t\t\t\t<xsd:id>RA</xsd:id>\n\t\t\t\t\t\t</xsd:line>\n\t\t\t\t\t<xsd:name>Auber</xsd:name>\n\t\t\t\t\t</wsiv:station>\n\t\t\t\t\t<wsiv:direction>\n\t\t\t\t\t\t<xsd:sens>*</xsd:sens>\n\t\t\t\t\t</wsiv:direction>\n\t\t\t</wsiv:getMissionsNext>\n\t\t</soapenv:Body>\n</soapenv:Envelope>"
				},
				"url": {
					"raw": "http://opendata-tr.ratp.fr/wsiv/services/Wsiv",
					"protocol": "http",
					"host": [
						"opendata-tr",
						"ratp",
						"fr"
					],
					"path": [
						"wsiv",
						"services",
						"Wsiv"
					]
				}
			},
			"response": []
		},
		{
			"name": "Charles de Gaulle-Etoile",
			"event": [
				{
					"listen": "test",
					"script": {
						"id": "3d9ff85d-e33b-413f-87cf-71285f80d104",
						"exec": [
							"pm.test(responseBody, true)"
						],
						"type": "text/javascript"
					}
				}
			],
			"request": {
				"method": "POST",
				"header": [
					{
						"key": "Content-Type",
						"value": "text/xml"
					},
					{
						"key": "SOAPAction",
						"value": "urn:getMissionsNext"
					}
				],
				"body": {
					"mode": "raw",
					"raw": "<soapenv:Envelope xmlns:soapenv=\"http://schemas.xmlsoap.org/soap/envelope/\" xmlns:xsd=\"http://wsiv.ratp.fr/xsd\" xmlns:wsiv=\"http://wsiv.ratp.fr\">\n\t<soapenv:Header/>\n\t\t<soapenv:Body>\n\t\t\t<wsiv:getMissionsNext>\n\t\t\t\t\t<wsiv:station>\n\t\t\t\t\t\t<xsd:line>\n\t\t\t\t\t\t\t<xsd:id>RA</xsd:id>\n\t\t\t\t\t\t</xsd:line>\n\t\t\t\t\t<xsd:name>Charles de Gaulle-Etoile</xsd:name>\n\t\t\t\t\t</wsiv:station>\n\t\t\t\t\t<wsiv:direction>\n\t\t\t\t\t\t<xsd:sens>*</xsd:sens>\n\t\t\t\t\t</wsiv:direction>\n\t\t\t</wsiv:getMissionsNext>\n\t\t</soapenv:Body>\n</soapenv:Envelope>"
				},
				"url": {
					"raw": "http://opendata-tr.ratp.fr/wsiv/services/Wsiv",
					"protocol": "http",
					"host": [
						"opendata-tr",
						"ratp",
						"fr"
					],
					"path": [
						"wsiv",
						"services",
						"Wsiv"
					]
				}
			},
			"response": []
		},
		{
			"name": "Grande Arche la Defense",
			"event": [
				{
					"listen": "test",
					"script": {
						"id": "a4cf7f37-5964-46c6-84f6-2c43e4d00a3c",
						"exec": [
							"pm.test(responseBody, true)"
						],
						"type": "text/javascript"
					}
				}
			],
			"request": {
				"method": "POST",
				"header": [
					{
						"key": "Content-Type",
						"value": "text/xml"
					},
					{
						"key": "SOAPAction",
						"value": "urn:getMissionsNext"
					}
				],
				"body": {
					"mode": "raw",
					"raw": "<soapenv:Envelope xmlns:soapenv=\"http://schemas.xmlsoap.org/soap/envelope/\" xmlns:xsd=\"http://wsiv.ratp.fr/xsd\" xmlns:wsiv=\"http://wsiv.ratp.fr\">\n\t<soapenv:Header/>\n\t\t<soapenv:Body>\n\t\t\t<wsiv:getMissionsNext>\n\t\t\t\t\t<wsiv:station>\n\t\t\t\t\t\t<xsd:line>\n\t\t\t\t\t\t\t<xsd:id>RA</xsd:id>\n\t\t\t\t\t\t</xsd:line>\n\t\t\t\t\t<xsd:name>Grande Arche la Defense</xsd:name>\n\t\t\t\t\t</wsiv:station>\n\t\t\t\t\t<wsiv:direction>\n\t\t\t\t\t\t<xsd:sens>*</xsd:sens>\n\t\t\t\t\t</wsiv:direction>\n\t\t\t</wsiv:getMissionsNext>\n\t\t</soapenv:Body>\n</soapenv:Envelope>"
				},
				"url": {
					"raw": "http://opendata-tr.ratp.fr/wsiv/services/Wsiv",
					"protocol": "http",
					"host": [
						"opendata-tr",
						"ratp",
						"fr"
					],
					"path": [
						"wsiv",
						"services",
						"Wsiv"
					]
				}
			},
			"response": []
		},
		{
			"name": "Nanterre Prefecture",
			"event": [
				{
					"listen": "test",
					"script": {
						"id": "7b0f7fe0-7352-4129-b53d-9461302ec5e8",
						"exec": [
							"pm.test(responseBody, true)"
						],
						"type": "text/javascript"
					}
				}
			],
			"request": {
				"method": "POST",
				"header": [
					{
						"key": "Content-Type",
						"value": "text/xml"
					},
					{
						"key": "SOAPAction",
						"value": "urn:getMissionsNext"
					}
				],
				"body": {
					"mode": "raw",
					"raw": "<soapenv:Envelope xmlns:soapenv=\"http://schemas.xmlsoap.org/soap/envelope/\" xmlns:xsd=\"http://wsiv.ratp.fr/xsd\" xmlns:wsiv=\"http://wsiv.ratp.fr\">\n\t<soapenv:Header/>\n\t\t<soapenv:Body>\n\t\t\t<wsiv:getMissionsNext>\n\t\t\t\t\t<wsiv:station>\n\t\t\t\t\t\t<xsd:line>\n\t\t\t\t\t\t\t<xsd:id>RA</xsd:id>\n\t\t\t\t\t\t</xsd:line>\n\t\t\t\t\t<xsd:name>Nanterre Prefecture</xsd:name>\n\t\t\t\t\t</wsiv:station>\n\t\t\t\t\t<wsiv:direction>\n\t\t\t\t\t\t<xsd:sens>*</xsd:sens>\n\t\t\t\t\t</wsiv:direction>\n\t\t\t</wsiv:getMissionsNext>\n\t\t</soapenv:Body>\n</soapenv:Envelope>"
				},
				"url": {
					"raw": "http://opendata-tr.ratp.fr/wsiv/services/Wsiv",
					"protocol": "http",
					"host": [
						"opendata-tr",
						"ratp",
						"fr"
					],
					"path": [
						"wsiv",
						"services",
						"Wsiv"
					]
				}
			},
			"response": []
		},
		{
			"name": "Houilles",
			"event": [
				{
					"listen": "test",
					"script": {
						"id": "b57c6239-884d-41e8-895f-5e3348babd8b",
						"exec": [
							"pm.test(responseBody, true)"
						],
						"type": "text/javascript"
					}
				}
			],
			"request": {
				"method": "POST",
				"header": [
					{
						"key": "Content-Type",
						"value": "text/xml"
					},
					{
						"key": "SOAPAction",
						"value": "urn:getMissionsNext"
					}
				],
				"body": {
					"mode": "raw",
					"raw": "<soapenv:Envelope xmlns:soapenv=\"http://schemas.xmlsoap.org/soap/envelope/\" xmlns:xsd=\"http://wsiv.ratp.fr/xsd\" xmlns:wsiv=\"http://wsiv.ratp.fr\">\n\t<soapenv:Header/>\n\t\t<soapenv:Body>\n\t\t\t<wsiv:getMissionsNext>\n\t\t\t\t\t<wsiv:station>\n\t\t\t\t\t\t<xsd:line>\n\t\t\t\t\t\t\t<xsd:id>RA</xsd:id>\n\t\t\t\t\t\t</xsd:line>\n\t\t\t\t\t<xsd:name>Houilles</xsd:name>\n\t\t\t\t\t</wsiv:station>\n\t\t\t\t\t<wsiv:direction>\n\t\t\t\t\t\t<xsd:sens>*</xsd:sens>\n\t\t\t\t\t</wsiv:direction>\n\t\t\t</wsiv:getMissionsNext>\n\t\t</soapenv:Body>\n</soapenv:Envelope>"
				},
				"url": {
					"raw": "http://opendata-tr.ratp.fr/wsiv/services/Wsiv",
					"protocol": "http",
					"host": [
						"opendata-tr",
						"ratp",
						"fr"
					],
					"path": [
						"wsiv",
						"services",
						"Wsiv"
					]
				}
			},
			"response": []
		},
		{
			"name": "Sartrouville",
			"event": [
				{
					"listen": "test",
					"script": {
						"id": "6bd3496d-0434-444f-ae48-a947f099e794",
						"exec": [
							"pm.test(responseBody, true)"
						],
						"type": "text/javascript"
					}
				}
			],
			"request": {
				"method": "POST",
				"header": [
					{
						"key": "Content-Type",
						"value": "text/xml"
					},
					{
						"key": "SOAPAction",
						"value": "urn:getMissionsNext"
					}
				],
				"body": {
					"mode": "raw",
					"raw": "<soapenv:Envelope xmlns:soapenv=\"http://schemas.xmlsoap.org/soap/envelope/\" xmlns:xsd=\"http://wsiv.ratp.fr/xsd\" xmlns:wsiv=\"http://wsiv.ratp.fr\">\n\t<soapenv:Header/>\n\t\t<soapenv:Body>\n\t\t\t<wsiv:getMissionsNext>\n\t\t\t\t\t<wsiv:station>\n\t\t\t\t\t\t<xsd:line>\n\t\t\t\t\t\t\t<xsd:id>RA</xsd:id>\n\t\t\t\t\t\t</xsd:line>\n\t\t\t\t\t<xsd:name>Sartrouville</xsd:name>\n\t\t\t\t\t</wsiv:station>\n\t\t\t\t\t<wsiv:direction>\n\t\t\t\t\t\t<xsd:sens>*</xsd:sens>\n\t\t\t\t\t</wsiv:direction>\n\t\t\t</wsiv:getMissionsNext>\n\t\t</soapenv:Body>\n</soapenv:Envelope>"
				},
				"url": {
					"raw": "http://opendata-tr.ratp.fr/wsiv/services/Wsiv",
					"protocol": "http",
					"host": [
						"opendata-tr",
						"ratp",
						"fr"
					],
					"path": [
						"wsiv",
						"services",
						"Wsiv"
					]
				}
			},
			"response": []
		},
		{
			"name": "Maisons-Laffitte",
			"event": [
				{
					"listen": "test",
					"script": {
						"id": "7ccf0f35-6c89-4c8c-8f8d-7c1e3fb8e6a6",
						"exec": [
							"pm.test(responseBody, true)"
						],
						"type": "text/javascript"
					}
				}
			],
			"request": {
				"method": "POST",
				"header": [
					{
						"key": "Content-Type",
						"value": "text/xml"
					},
					{
						"key": "SOAPAction",
						"value": "urn:getMissionsNext"
					}
				],
				"body": {
					"mode": "raw",
					"raw": "<soapenv:Envelope xmlns:soapenv=\"http://schemas.xmlsoap.org/soap/envelope/\" xmlns:xsd=\"http://wsiv.ratp.fr/xsd\" xmlns:wsiv=\"http://wsiv.ratp.fr\">\n\t<soapenv:Header/>\n\t\t<soapenv:Body>\n\t\t\t<wsiv:getMissionsNext>\n\t\t\t\t\t<wsiv:station>\n\t\t\t\t\t\t<xsd:line>\n\t\t\t\t\t\t\t<xsd:id>RA</xsd:id>\n\t\t\t\t\t\t</xsd:line>\n\t\t\t\t\t<xsd:name>Maisons-Laffitte</xsd:name>\n\t\t\t\t\t</wsiv:station>\n\t\t\t\t\t<wsiv:direction>\n\t\t\t\t\t\t<xsd:sens>*</xsd:sens>\n\t\t\t\t\t</wsiv:direction>\n\t\t\t</wsiv:getMissionsNext>\n\t\t</soapenv:Body>\n</soapenv:Envelope>"
				},
				"url": {
					"raw": "http://opendata-tr.ratp.fr/wsiv/services/Wsiv",
					"protocol": "http",
					"host": [
						"opendata-tr",
						"ratp",
						"fr"
					],
					"path": [
						"wsiv",
						"services",
						"Wsiv"
					]
				}
			},
			"response": []
		},
		{
			"name": "Conflans-Fin d'Oise",
			"event": [
				{
					"listen": "test",
					"script": {
						"id": "c735d246-ea94-435a-a4d8-49b2e59696cc",
						"exec": [
							"pm.test(responseBody, true)"
						],
						"type": "text/javascript"
					}
				}
			],
			"request": {
				"method": "POST",
				"header": [
					{
						"key": "Content-Type",
						"value": "text/xml"
					},
					{
						"key": "SOAPAction",
						"value": "urn:getMissionsNext"
					}
				],
				"body": {
					"mode": "raw",
					"raw": "<soapenv:Envelope xmlns:soapenv=\"http://schemas.xmlsoap.org/soap/envelope/\" xmlns:xsd=\"http://wsiv.ratp.fr/xsd\" xmlns:wsiv=\"http://wsiv.ratp.fr\">\n\t<soapenv:Header/>\n\t\t<soapenv:Body>\n\t\t\t<wsiv:getMissionsNext>\n\t\t\t\t\t<wsiv:station>\n\t\t\t\t\t\t<xsd:line>\n\t\t\t\t\t\t\t<xsd:id>RA</xsd:id>\n\t\t\t\t\t\t</xsd:line>\n\t\t\t\t\t<xsd:name>Conflans-Fin d'Oise</xsd:name>\n\t\t\t\t\t</wsiv:station>\n\t\t\t\t\t<wsiv:direction>\n\t\t\t\t\t\t<xsd:sens>*</xsd:sens>\n\t\t\t\t\t</wsiv:direction>\n\t\t\t</wsiv:getMissionsNext>\n\t\t</soapenv:Body>\n</soapenv:Envelope>"
				},
				"url": {
					"raw": "http://opendata-tr.ratp.fr/wsiv/services/Wsiv",
					"protocol": "http",
					"host": [
						"opendata-tr",
						"ratp",
						"fr"
					],
					"path": [
						"wsiv",
						"services",
						"Wsiv"
					]
				}
			},
			"response": []
		},
		{
			"name": "Acheres Ville",
			"event": [
				{
					"listen": "test",
					"script": {
						"id": "fadfbb14-1b59-4f9b-b2e4-dd997ca45e43",
						"exec": [
							"pm.test(responseBody, true)"
						],
						"type": "text/javascript"
					}
				}
			],
			"request": {
				"method": "POST",
				"header": [
					{
						"key": "Content-Type",
						"value": "text/xml"
					},
					{
						"key": "SOAPAction",
						"value": "urn:getMissionsNext"
					}
				],
				"body": {
					"mode": "raw",
					"raw": "<soapenv:Envelope xmlns:soapenv=\"http://schemas.xmlsoap.org/soap/envelope/\" xmlns:xsd=\"http://wsiv.ratp.fr/xsd\" xmlns:wsiv=\"http://wsiv.ratp.fr\">\n\t<soapenv:Header/>\n\t\t<soapenv:Body>\n\t\t\t<wsiv:getMissionsNext>\n\t\t\t\t\t<wsiv:station>\n\t\t\t\t\t\t<xsd:line>\n\t\t\t\t\t\t\t<xsd:id>RA</xsd:id>\n\t\t\t\t\t\t</xsd:line>\n\t\t\t\t\t<xsd:name>Acheres Ville</xsd:name>\n\t\t\t\t\t</wsiv:station>\n\t\t\t\t\t<wsiv:direction>\n\t\t\t\t\t\t<xsd:sens>*</xsd:sens>\n\t\t\t\t\t</wsiv:direction>\n\t\t\t</wsiv:getMissionsNext>\n\t\t</soapenv:Body>\n</soapenv:Envelope>"
				},
				"url": {
					"raw": "http://opendata-tr.ratp.fr/wsiv/services/Wsiv",
					"protocol": "http",
					"host": [
						"opendata-tr",
						"ratp",
						"fr"
					],
					"path": [
						"wsiv",
						"services",
						"Wsiv"
					]
				}
			},
			"response": []
		},
		{
			"name": "Neuville Universite",
			"event": [
				{
					"listen": "test",
					"script": {
						"id": "2d9e78ee-2280-4499-a98f-72bbf410d77e",
						"exec": [
							"pm.test(responseBody, true)"
						],
						"type": "text/javascript"
					}
				}
			],
			"request": {
				"method": "POST",
				"header": [
					{
						"key": "Content-Type",
						"value": "text/xml"
					},
					{
						"key": "SOAPAction",
						"value": "urn:getMissionsNext"
					}
				],
				"body": {
					"mode": "raw",
					"raw": "<soapenv:Envelope xmlns:soapenv=\"http://schemas.xmlsoap.org/soap/envelope/\" xmlns:xsd=\"http://wsiv.ratp.fr/xsd\" xmlns:wsiv=\"http://wsiv.ratp.fr\">\n\t<soapenv:Header/>\n\t\t<soapenv:Body>\n\t\t\t<wsiv:getMissionsNext>\n\t\t\t\t\t<wsiv:station>\n\t\t\t\t\t\t<xsd:line>\n\t\t\t\t\t\t\t<xsd:id>RA</xsd:id>\n\t\t\t\t\t\t</xsd:line>\n\t\t\t\t\t<xsd:name>Neuville Universite</xsd:name>\n\t\t\t\t\t</wsiv:station>\n\t\t\t\t\t<wsiv:direction>\n\t\t\t\t\t\t<xsd:sens>*</xsd:sens>\n\t\t\t\t\t</wsiv:direction>\n\t\t\t</wsiv:getMissionsNext>\n\t\t</soapenv:Body>\n</soapenv:Envelope>"
				},
				"url": {
					"raw": "http://opendata-tr.ratp.fr/wsiv/services/Wsiv",
					"protocol": "http",
					"host": [
						"opendata-tr",
						"ratp",
						"fr"
					],
					"path": [
						"wsiv",
						"services",
						"Wsiv"
					]
				}
			},
			"response": []
		},
		{
			"name": "Cergy-Prefecture",
			"event": [
				{
					"listen": "test",
					"script": {
						"id": "2a14dd36-51fd-4e9d-9814-7af89ed8061e",
						"exec": [
							"pm.test(responseBody, true)"
						],
						"type": "text/javascript"
					}
				}
			],
			"request": {
				"method": "POST",
				"header": [
					{
						"key": "Content-Type",
						"value": "text/xml"
					},
					{
						"key": "SOAPAction",
						"value": "urn:getMissionsNext"
					}
				],
				"body": {
					"mode": "raw",
					"raw": "<soapenv:Envelope xmlns:soapenv=\"http://schemas.xmlsoap.org/soap/envelope/\" xmlns:xsd=\"http://wsiv.ratp.fr/xsd\" xmlns:wsiv=\"http://wsiv.ratp.fr\">\n\t<soapenv:Header/>\n\t\t<soapenv:Body>\n\t\t\t<wsiv:getMissionsNext>\n\t\t\t\t\t<wsiv:station>\n\t\t\t\t\t\t<xsd:line>\n\t\t\t\t\t\t\t<xsd:id>RA</xsd:id>\n\t\t\t\t\t\t</xsd:line>\n\t\t\t\t\t<xsd:name>Cergy-Prefecture</xsd:name>\n\t\t\t\t\t</wsiv:station>\n\t\t\t\t\t<wsiv:direction>\n\t\t\t\t\t\t<xsd:sens>*</xsd:sens>\n\t\t\t\t\t</wsiv:direction>\n\t\t\t</wsiv:getMissionsNext>\n\t\t</soapenv:Body>\n</soapenv:Envelope>"
				},
				"url": {
					"raw": "http://opendata-tr.ratp.fr/wsiv/services/Wsiv",
					"protocol": "http",
					"host": [
						"opendata-tr",
						"ratp",
						"fr"
					],
					"path": [
						"wsiv",
						"services",
						"Wsiv"
					]
				}
			},
			"response": []
		},
		{
			"name": "Cergy-St-Christophe",
			"event": [
				{
					"listen": "test",
					"script": {
						"id": "5f5b029e-f313-4bf3-ab6d-e5f82d95887d",
						"exec": [
							"pm.test(responseBody, true)"
						],
						"type": "text/javascript"
					}
				}
			],
			"request": {
				"method": "POST",
				"header": [
					{
						"key": "Content-Type",
						"value": "text/xml"
					},
					{
						"key": "SOAPAction",
						"value": "urn:getMissionsNext"
					}
				],
				"body": {
					"mode": "raw",
					"raw": "<soapenv:Envelope xmlns:soapenv=\"http://schemas.xmlsoap.org/soap/envelope/\" xmlns:xsd=\"http://wsiv.ratp.fr/xsd\" xmlns:wsiv=\"http://wsiv.ratp.fr\">\n\t<soapenv:Header/>\n\t\t<soapenv:Body>\n\t\t\t<wsiv:getMissionsNext>\n\t\t\t\t\t<wsiv:station>\n\t\t\t\t\t\t<xsd:line>\n\t\t\t\t\t\t\t<xsd:id>RA</xsd:id>\n\t\t\t\t\t\t</xsd:line>\n\t\t\t\t\t<xsd:name>Cergy-St-Christophe</xsd:name>\n\t\t\t\t\t</wsiv:station>\n\t\t\t\t\t<wsiv:direction>\n\t\t\t\t\t\t<xsd:sens>*</xsd:sens>\n\t\t\t\t\t</wsiv:direction>\n\t\t\t</wsiv:getMissionsNext>\n\t\t</soapenv:Body>\n</soapenv:Envelope>"
				},
				"url": {
					"raw": "http://opendata-tr.ratp.fr/wsiv/services/Wsiv",
					"protocol": "http",
					"host": [
						"opendata-tr",
						"ratp",
						"fr"
					],
					"path": [
						"wsiv",
						"services",
						"Wsiv"
					]
				}
			},
			"response": []
		},
		{
			"name": "Cergy-Le Haut",
			"event": [
				{
					"listen": "test",
					"script": {
						"id": "1ef6f6cd-43a6-4910-84eb-e76e3bec64a3",
						"exec": [
							"pm.test(responseBody, true)"
						],
						"type": "text/javascript"
					}
				}
			],
			"request": {
				"method": "POST",
				"header": [
					{
						"key": "Content-Type",
						"value": "text/xml"
					},
					{
						"key": "SOAPAction",
						"value": "urn:getMissionsNext"
					}
				],
				"body": {
					"mode": "raw",
					"raw": "<soapenv:Envelope xmlns:soapenv=\"http://schemas.xmlsoap.org/soap/envelope/\" xmlns:xsd=\"http://wsiv.ratp.fr/xsd\" xmlns:wsiv=\"http://wsiv.ratp.fr\">\n\t<soapenv:Header/>\n\t\t<soapenv:Body>\n\t\t\t<wsiv:getMissionsNext>\n\t\t\t\t\t<wsiv:station>\n\t\t\t\t\t\t<xsd:line>\n\t\t\t\t\t\t\t<xsd:id>RA</xsd:id>\n\t\t\t\t\t\t</xsd:line>\n\t\t\t\t\t<xsd:name>Cergy-Le Haut</xsd:name>\n\t\t\t\t\t</wsiv:station>\n\t\t\t\t\t<wsiv:direction>\n\t\t\t\t\t\t<xsd:sens>*</xsd:sens>\n\t\t\t\t\t</wsiv:direction>\n\t\t\t</wsiv:getMissionsNext>\n\t\t</soapenv:Body>\n</soapenv:Envelope>"
				},
				"url": {
					"raw": "http://opendata-tr.ratp.fr/wsiv/services/Wsiv",
					"protocol": "http",
					"host": [
						"opendata-tr",
						"ratp",
						"fr"
					],
					"path": [
						"wsiv",
						"services",
						"Wsiv"
					]
				}
			},
			"response": []
		},
		{
			"name": "Acheres-Grand-Cormier",
			"event": [
				{
					"listen": "test",
					"script": {
						"id": "3835005e-1425-4a14-8e94-af72230063a2",
						"exec": [
							"pm.test(responseBody, true)"
						],
						"type": "text/javascript"
					}
				}
			],
			"request": {
				"method": "POST",
				"header": [
					{
						"key": "Content-Type",
						"value": "text/xml"
					},
					{
						"key": "SOAPAction",
						"value": "urn:getMissionsNext"
					}
				],
				"body": {
					"mode": "raw",
					"raw": "<soapenv:Envelope xmlns:soapenv=\"http://schemas.xmlsoap.org/soap/envelope/\" xmlns:xsd=\"http://wsiv.ratp.fr/xsd\" xmlns:wsiv=\"http://wsiv.ratp.fr\">\n\t<soapenv:Header/>\n\t\t<soapenv:Body>\n\t\t\t<wsiv:getMissionsNext>\n\t\t\t\t\t<wsiv:station>\n\t\t\t\t\t\t<xsd:line>\n\t\t\t\t\t\t\t<xsd:id>RA</xsd:id>\n\t\t\t\t\t\t</xsd:line>\n\t\t\t\t\t<xsd:name>Acheres-Grand-Cormier</xsd:name>\n\t\t\t\t\t</wsiv:station>\n\t\t\t\t\t<wsiv:direction>\n\t\t\t\t\t\t<xsd:sens>*</xsd:sens>\n\t\t\t\t\t</wsiv:direction>\n\t\t\t</wsiv:getMissionsNext>\n\t\t</soapenv:Body>\n</soapenv:Envelope>"
				},
				"url": {
					"raw": "http://opendata-tr.ratp.fr/wsiv/services/Wsiv",
					"protocol": "http",
					"host": [
						"opendata-tr",
						"ratp",
						"fr"
					],
					"path": [
						"wsiv",
						"services",
						"Wsiv"
					]
				}
			},
			"response": []
		},
		{
			"name": "Poissy",
			"event": [
				{
					"listen": "test",
					"script": {
						"id": "f1db1f6e-4556-45c0-a266-59a65a7d853e",
						"exec": [
							"pm.test(responseBody, true)"
						],
						"type": "text/javascript"
					}
				}
			],
			"request": {
				"method": "POST",
				"header": [
					{
						"key": "Content-Type",
						"value": "text/xml"
					},
					{
						"key": "SOAPAction",
						"value": "urn:getMissionsNext"
					}
				],
				"body": {
					"mode": "raw",
					"raw": "<soapenv:Envelope xmlns:soapenv=\"http://schemas.xmlsoap.org/soap/envelope/\" xmlns:xsd=\"http://wsiv.ratp.fr/xsd\" xmlns:wsiv=\"http://wsiv.ratp.fr\">\n\t<soapenv:Header/>\n\t\t<soapenv:Body>\n\t\t\t<wsiv:getMissionsNext>\n\t\t\t\t\t<wsiv:station>\n\t\t\t\t\t\t<xsd:line>\n\t\t\t\t\t\t\t<xsd:id>RA</xsd:id>\n\t\t\t\t\t\t</xsd:line>\n\t\t\t\t\t<xsd:name>Poissy</xsd:name>\n\t\t\t\t\t</wsiv:station>\n\t\t\t\t\t<wsiv:direction>\n\t\t\t\t\t\t<xsd:sens>*</xsd:sens>\n\t\t\t\t\t</wsiv:direction>\n\t\t\t</wsiv:getMissionsNext>\n\t\t</soapenv:Body>\n</soapenv:Envelope>"
				},
				"url": {
					"raw": "http://opendata-tr.ratp.fr/wsiv/services/Wsiv",
					"protocol": "http",
					"host": [
						"opendata-tr",
						"ratp",
						"fr"
					],
					"path": [
						"wsiv",
						"services",
						"Wsiv"
					]
				}
			},
			"response": []
		},
		{
			"name": "Nanterre Universite",
			"event": [
				{
					"listen": "test",
					"script": {
						"id": "f2dbe475-3e4b-4563-be8e-97e0b4992a30",
						"exec": [
							"pm.test(responseBody, true)"
						],
						"type": "text/javascript"
					}
				}
			],
			"request": {
				"method": "POST",
				"header": [
					{
						"key": "Content-Type",
						"value": "text/xml"
					},
					{
						"key": "SOAPAction",
						"value": "urn:getMissionsNext"
					}
				],
				"body": {
					"mode": "raw",
					"raw": "<soapenv:Envelope xmlns:soapenv=\"http://schemas.xmlsoap.org/soap/envelope/\" xmlns:xsd=\"http://wsiv.ratp.fr/xsd\" xmlns:wsiv=\"http://wsiv.ratp.fr\">\n\t<soapenv:Header/>\n\t\t<soapenv:Body>\n\t\t\t<wsiv:getMissionsNext>\n\t\t\t\t\t<wsiv:station>\n\t\t\t\t\t\t<xsd:line>\n\t\t\t\t\t\t\t<xsd:id>RA</xsd:id>\n\t\t\t\t\t\t</xsd:line>\n\t\t\t\t\t<xsd:name>Nanterre Universite</xsd:name>\n\t\t\t\t\t</wsiv:station>\n\t\t\t\t\t<wsiv:direction>\n\t\t\t\t\t\t<xsd:sens>*</xsd:sens>\n\t\t\t\t\t</wsiv:direction>\n\t\t\t</wsiv:getMissionsNext>\n\t\t</soapenv:Body>\n</soapenv:Envelope>"
				},
				"url": {
					"raw": "http://opendata-tr.ratp.fr/wsiv/services/Wsiv",
					"protocol": "http",
					"host": [
						"opendata-tr",
						"ratp",
						"fr"
					],
					"path": [
						"wsiv",
						"services",
						"Wsiv"
					]
				}
			},
			"response": []
		},
		{
			"name": "Nanterre Ville",
			"event": [
				{
					"listen": "test",
					"script": {
						"id": "3bd3c2e7-3f43-482f-980f-837ec86a71db",
						"exec": [
							"pm.test(responseBody, true)"
						],
						"type": "text/javascript"
					}
				}
			],
			"request": {
				"method": "POST",
				"header": [
					{
						"key": "Content-Type",
						"value": "text/xml"
					},
					{
						"key": "SOAPAction",
						"value": "urn:getMissionsNext"
					}
				],
				"body": {
					"mode": "raw",
					"raw": "<soapenv:Envelope xmlns:soapenv=\"http://schemas.xmlsoap.org/soap/envelope/\" xmlns:xsd=\"http://wsiv.ratp.fr/xsd\" xmlns:wsiv=\"http://wsiv.ratp.fr\">\n\t<soapenv:Header/>\n\t\t<soapenv:Body>\n\t\t\t<wsiv:getMissionsNext>\n\t\t\t\t\t<wsiv:station>\n\t\t\t\t\t\t<xsd:line>\n\t\t\t\t\t\t\t<xsd:id>RA</xsd:id>\n\t\t\t\t\t\t</xsd:line>\n\t\t\t\t\t<xsd:name>Nanterre Ville</xsd:name>\n\t\t\t\t\t</wsiv:station>\n\t\t\t\t\t<wsiv:direction>\n\t\t\t\t\t\t<xsd:sens>*</xsd:sens>\n\t\t\t\t\t</wsiv:direction>\n\t\t\t</wsiv:getMissionsNext>\n\t\t</soapenv:Body>\n</soapenv:Envelope>"
				},
				"url": {
					"raw": "http://opendata-tr.ratp.fr/wsiv/services/Wsiv",
					"protocol": "http",
					"host": [
						"opendata-tr",
						"ratp",
						"fr"
					],
					"path": [
						"wsiv",
						"services",
						"Wsiv"
					]
				}
			},
			"response": []
		},
		{
			"name": "Rueil Malmaison",
			"event": [
				{
					"listen": "test",
					"script": {
						"id": "d2c2797d-9428-49ff-88a5-b94b57ba3ca8",
						"exec": [
							"pm.test(responseBody, true)"
						],
						"type": "text/javascript"
					}
				}
			],
			"request": {
				"method": "POST",
				"header": [
					{
						"key": "Content-Type",
						"value": "text/xml"
					},
					{
						"key": "SOAPAction",
						"value": "urn:getMissionsNext"
					}
				],
				"body": {
					"mode": "raw",
					"raw": "<soapenv:Envelope xmlns:soapenv=\"http://schemas.xmlsoap.org/soap/envelope/\" xmlns:xsd=\"http://wsiv.ratp.fr/xsd\" xmlns:wsiv=\"http://wsiv.ratp.fr\">\n\t<soapenv:Header/>\n\t\t<soapenv:Body>\n\t\t\t<wsiv:getMissionsNext>\n\t\t\t\t\t<wsiv:station>\n\t\t\t\t\t\t<xsd:line>\n\t\t\t\t\t\t\t<xsd:id>RA</xsd:id>\n\t\t\t\t\t\t</xsd:line>\n\t\t\t\t\t<xsd:name>Rueil Malmaison</xsd:name>\n\t\t\t\t\t</wsiv:station>\n\t\t\t\t\t<wsiv:direction>\n\t\t\t\t\t\t<xsd:sens>*</xsd:sens>\n\t\t\t\t\t</wsiv:direction>\n\t\t\t</wsiv:getMissionsNext>\n\t\t</soapenv:Body>\n</soapenv:Envelope>"
				},
				"url": {
					"raw": "http://opendata-tr.ratp.fr/wsiv/services/Wsiv",
					"protocol": "http",
					"host": [
						"opendata-tr",
						"ratp",
						"fr"
					],
					"path": [
						"wsiv",
						"services",
						"Wsiv"
					]
				}
			},
			"response": []
		},
		{
			"name": "Chatou-Croissy",
			"event": [
				{
					"listen": "test",
					"script": {
						"id": "737e237c-f065-4d3e-90b4-6740ab3040e1",
						"exec": [
							"pm.test(responseBody, true)"
						],
						"type": "text/javascript"
					}
				}
			],
			"request": {
				"method": "POST",
				"header": [
					{
						"key": "Content-Type",
						"value": "text/xml"
					},
					{
						"key": "SOAPAction",
						"value": "urn:getMissionsNext"
					}
				],
				"body": {
					"mode": "raw",
					"raw": "<soapenv:Envelope xmlns:soapenv=\"http://schemas.xmlsoap.org/soap/envelope/\" xmlns:xsd=\"http://wsiv.ratp.fr/xsd\" xmlns:wsiv=\"http://wsiv.ratp.fr\">\n\t<soapenv:Header/>\n\t\t<soapenv:Body>\n\t\t\t<wsiv:getMissionsNext>\n\t\t\t\t\t<wsiv:station>\n\t\t\t\t\t\t<xsd:line>\n\t\t\t\t\t\t\t<xsd:id>RA</xsd:id>\n\t\t\t\t\t\t</xsd:line>\n\t\t\t\t\t<xsd:name>Chatou-Croissy</xsd:name>\n\t\t\t\t\t</wsiv:station>\n\t\t\t\t\t<wsiv:direction>\n\t\t\t\t\t\t<xsd:sens>*</xsd:sens>\n\t\t\t\t\t</wsiv:direction>\n\t\t\t</wsiv:getMissionsNext>\n\t\t</soapenv:Body>\n</soapenv:Envelope>"
				},
				"url": {
					"raw": "http://opendata-tr.ratp.fr/wsiv/services/Wsiv",
					"protocol": "http",
					"host": [
						"opendata-tr",
						"ratp",
						"fr"
					],
					"path": [
						"wsiv",
						"services",
						"Wsiv"
					]
				}
			},
			"response": []
		},
		{
			"name": "Le Vesinet le Pecq",
			"event": [
				{
					"listen": "test",
					"script": {
						"id": "dcd5c92c-6d5d-4917-838d-7a53749cb700",
						"exec": [
							"pm.test(responseBody, true)"
						],
						"type": "text/javascript"
					}
				}
			],
			"request": {
				"method": "POST",
				"header": [
					{
						"key": "Content-Type",
						"value": "text/xml"
					},
					{
						"key": "SOAPAction",
						"value": "urn:getMissionsNext"
					}
				],
				"body": {
					"mode": "raw",
					"raw": "<soapenv:Envelope xmlns:soapenv=\"http://schemas.xmlsoap.org/soap/envelope/\" xmlns:xsd=\"http://wsiv.ratp.fr/xsd\" xmlns:wsiv=\"http://wsiv.ratp.fr\">\n\t<soapenv:Header/>\n\t\t<soapenv:Body>\n\t\t\t<wsiv:getMissionsNext>\n\t\t\t\t\t<wsiv:station>\n\t\t\t\t\t\t<xsd:line>\n\t\t\t\t\t\t\t<xsd:id>RA</xsd:id>\n\t\t\t\t\t\t</xsd:line>\n\t\t\t\t\t<xsd:name>Le Vesinet le Pecq</xsd:name>\n\t\t\t\t\t</wsiv:station>\n\t\t\t\t\t<wsiv:direction>\n\t\t\t\t\t\t<xsd:sens>*</xsd:sens>\n\t\t\t\t\t</wsiv:direction>\n\t\t\t</wsiv:getMissionsNext>\n\t\t</soapenv:Body>\n</soapenv:Envelope>"
				},
				"url": {
					"raw": "http://opendata-tr.ratp.fr/wsiv/services/Wsiv",
					"protocol": "http",
					"host": [
						"opendata-tr",
						"ratp",
						"fr"
					],
					"path": [
						"wsiv",
						"services",
						"Wsiv"
					]
				}
			},
			"response": []
		},
		{
			"name": "St Germain en Laye",
			"event": [
				{
					"listen": "test",
					"script": {
						"id": "6ddcedc5-aca1-49c7-b6c9-45eb7d2b4ae4",
						"exec": [
							"pm.test(responseBody, true)"
						],
						"type": "text/javascript"
					}
				}
			],
			"request": {
				"method": "POST",
				"header": [
					{
						"key": "Content-Type",
						"value": "text/xml"
					},
					{
						"key": "SOAPAction",
						"value": "urn:getMissionsNext"
					}
				],
				"body": {
					"mode": "raw",
					"raw": "<soapenv:Envelope xmlns:soapenv=\"http://schemas.xmlsoap.org/soap/envelope/\" xmlns:xsd=\"http://wsiv.ratp.fr/xsd\" xmlns:wsiv=\"http://wsiv.ratp.fr\">\n\t<soapenv:Header/>\n\t\t<soapenv:Body>\n\t\t\t<wsiv:getMissionsNext>\n\t\t\t\t\t<wsiv:station>\n\t\t\t\t\t\t<xsd:line>\n\t\t\t\t\t\t\t<xsd:id>RA</xsd:id>\n\t\t\t\t\t\t</xsd:line>\n\t\t\t\t\t<xsd:name>St Germain en Laye</xsd:name>\n\t\t\t\t\t</wsiv:station>\n\t\t\t\t\t<wsiv:direction>\n\t\t\t\t\t\t<xsd:sens>*</xsd:sens>\n\t\t\t\t\t</wsiv:direction>\n\t\t\t</wsiv:getMissionsNext>\n\t\t</soapenv:Body>\n</soapenv:Envelope>"
				},
				"url": {
					"raw": "http://opendata-tr.ratp.fr/wsiv/services/Wsiv",
					"protocol": "http",
					"host": [
						"opendata-tr",
						"ratp",
						"fr"
					],
					"path": [
						"wsiv",
						"services",
						"Wsiv"
					]
				}
			},
			"response": []
		},
		{
			"name": "Marne la Vallee-Chessy",
			"event": [
				{
					"listen": "test",
					"script": {
						"id": "e3005def-dc4f-49c4-b06a-6d6fa71e35dd",
						"exec": [
							"pm.test(responseBody, true)"
						],
						"type": "text/javascript"
					}
				}
			],
			"request": {
				"method": "POST",
				"header": [
					{
						"key": "Content-Type",
						"value": "text/xml"
					},
					{
						"key": "SOAPAction",
						"value": "urn:getMissionsNext"
					}
				],
				"body": {
					"mode": "raw",
					"raw": "<soapenv:Envelope xmlns:soapenv=\"http://schemas.xmlsoap.org/soap/envelope/\" xmlns:xsd=\"http://wsiv.ratp.fr/xsd\" xmlns:wsiv=\"http://wsiv.ratp.fr\">\n\t<soapenv:Header/>\n\t\t<soapenv:Body>\n\t\t\t<wsiv:getMissionsNext>\n\t\t\t\t\t<wsiv:station>\n\t\t\t\t\t\t<xsd:line>\n\t\t\t\t\t\t\t<xsd:id>RA</xsd:id>\n\t\t\t\t\t\t</xsd:line>\n\t\t\t\t\t<xsd:name>Marne la Vallee-Chessy</xsd:name>\n\t\t\t\t\t</wsiv:station>\n\t\t\t\t\t<wsiv:direction>\n\t\t\t\t\t\t<xsd:sens>*</xsd:sens>\n\t\t\t\t\t</wsiv:direction>\n\t\t\t</wsiv:getMissionsNext>\n\t\t</soapenv:Body>\n</soapenv:Envelope>"
				},
				"url": {
					"raw": "http://opendata-tr.ratp.fr/wsiv/services/Wsiv",
					"protocol": "http",
					"host": [
						"opendata-tr",
						"ratp",
						"fr"
					],
					"path": [
						"wsiv",
						"services",
						"Wsiv"
					]
				}
			},
			"response": []
		},
		{
			"name": "Val d'Europe-Serris",
			"event": [
				{
					"listen": "test",
					"script": {
						"id": "05bf6f76-766a-46b9-9c18-d54a9a760e59",
						"exec": [
							"pm.test(responseBody, true)"
						],
						"type": "text/javascript"
					}
				}
			],
			"request": {
				"method": "POST",
				"header": [
					{
						"key": "Content-Type",
						"value": "text/xml"
					},
					{
						"key": "SOAPAction",
						"value": "urn:getMissionsNext"
					}
				],
				"body": {
					"mode": "raw",
					"raw": "<soapenv:Envelope xmlns:soapenv=\"http://schemas.xmlsoap.org/soap/envelope/\" xmlns:xsd=\"http://wsiv.ratp.fr/xsd\" xmlns:wsiv=\"http://wsiv.ratp.fr\">\n\t<soapenv:Header/>\n\t\t<soapenv:Body>\n\t\t\t<wsiv:getMissionsNext>\n\t\t\t\t\t<wsiv:station>\n\t\t\t\t\t\t<xsd:line>\n\t\t\t\t\t\t\t<xsd:id>RA</xsd:id>\n\t\t\t\t\t\t</xsd:line>\n\t\t\t\t\t<xsd:name>Val d'Europe-Serris</xsd:name>\n\t\t\t\t\t</wsiv:station>\n\t\t\t\t\t<wsiv:direction>\n\t\t\t\t\t\t<xsd:sens>*</xsd:sens>\n\t\t\t\t\t</wsiv:direction>\n\t\t\t</wsiv:getMissionsNext>\n\t\t</soapenv:Body>\n</soapenv:Envelope>"
				},
				"url": {
					"raw": "http://opendata-tr.ratp.fr/wsiv/services/Wsiv",
					"protocol": "http",
					"host": [
						"opendata-tr",
						"ratp",
						"fr"
					],
					"path": [
						"wsiv",
						"services",
						"Wsiv"
					]
				}
			},
			"response": []
		},
		{
			"name": "Bussy St-Georges",
			"event": [
				{
					"listen": "test",
					"script": {
						"id": "a1a0248a-ee0b-41ab-b247-3bec566a45da",
						"exec": [
							"pm.test(responseBody, true)"
						],
						"type": "text/javascript"
					}
				}
			],
			"request": {
				"method": "POST",
				"header": [
					{
						"key": "Content-Type",
						"value": "text/xml"
					},
					{
						"key": "SOAPAction",
						"value": "urn:getMissionsNext"
					}
				],
				"body": {
					"mode": "raw",
					"raw": "<soapenv:Envelope xmlns:soapenv=\"http://schemas.xmlsoap.org/soap/envelope/\" xmlns:xsd=\"http://wsiv.ratp.fr/xsd\" xmlns:wsiv=\"http://wsiv.ratp.fr\">\n\t<soapenv:Header/>\n\t\t<soapenv:Body>\n\t\t\t<wsiv:getMissionsNext>\n\t\t\t\t\t<wsiv:station>\n\t\t\t\t\t\t<xsd:line>\n\t\t\t\t\t\t\t<xsd:id>RA</xsd:id>\n\t\t\t\t\t\t</xsd:line>\n\t\t\t\t\t<xsd:name>Bussy St-Georges</xsd:name>\n\t\t\t\t\t</wsiv:station>\n\t\t\t\t\t<wsiv:direction>\n\t\t\t\t\t\t<xsd:sens>*</xsd:sens>\n\t\t\t\t\t</wsiv:direction>\n\t\t\t</wsiv:getMissionsNext>\n\t\t</soapenv:Body>\n</soapenv:Envelope>"
				},
				"url": {
					"raw": "http://opendata-tr.ratp.fr/wsiv/services/Wsiv",
					"protocol": "http",
					"host": [
						"opendata-tr",
						"ratp",
						"fr"
					],
					"path": [
						"wsiv",
						"services",
						"Wsiv"
					]
				}
			},
			"response": []
		},
		{
			"name": "Torcy",
			"event": [
				{
					"listen": "test",
					"script": {
						"id": "51e1448f-6e51-4ac1-8d3b-76d9a1cc32d4",
						"exec": [
							"pm.test(responseBody, true)"
						],
						"type": "text/javascript"
					}
				}
			],
			"request": {
				"method": "POST",
				"header": [
					{
						"key": "Content-Type",
						"value": "text/xml"
					},
					{
						"key": "SOAPAction",
						"value": "urn:getMissionsNext"
					}
				],
				"body": {
					"mode": "raw",
					"raw": "<soapenv:Envelope xmlns:soapenv=\"http://schemas.xmlsoap.org/soap/envelope/\" xmlns:xsd=\"http://wsiv.ratp.fr/xsd\" xmlns:wsiv=\"http://wsiv.ratp.fr\">\n\t<soapenv:Header/>\n\t\t<soapenv:Body>\n\t\t\t<wsiv:getMissionsNext>\n\t\t\t\t\t<wsiv:station>\n\t\t\t\t\t\t<xsd:line>\n\t\t\t\t\t\t\t<xsd:id>RA</xsd:id>\n\t\t\t\t\t\t</xsd:line>\n\t\t\t\t\t<xsd:name>Torcy</xsd:name>\n\t\t\t\t\t</wsiv:station>\n\t\t\t\t\t<wsiv:direction>\n\t\t\t\t\t\t<xsd:sens>*</xsd:sens>\n\t\t\t\t\t</wsiv:direction>\n\t\t\t</wsiv:getMissionsNext>\n\t\t</soapenv:Body>\n</soapenv:Envelope>"
				},
				"url": {
					"raw": "http://opendata-tr.ratp.fr/wsiv/services/Wsiv",
					"protocol": "http",
					"host": [
						"opendata-tr",
						"ratp",
						"fr"
					],
					"path": [
						"wsiv",
						"services",
						"Wsiv"
					]
				}
			},
			"response": []
		},
		{
			"name": "Lognes",
			"event": [
				{
					"listen": "test",
					"script": {
						"id": "2df1828e-0b7f-4f12-9898-294364057270",
						"exec": [
							"pm.test(responseBody, true)"
						],
						"type": "text/javascript"
					}
				}
			],
			"request": {
				"method": "POST",
				"header": [
					{
						"key": "Content-Type",
						"value": "text/xml"
					},
					{
						"key": "SOAPAction",
						"value": "urn:getMissionsNext"
					}
				],
				"body": {
					"mode": "raw",
					"raw": "<soapenv:Envelope xmlns:soapenv=\"http://schemas.xmlsoap.org/soap/envelope/\" xmlns:xsd=\"http://wsiv.ratp.fr/xsd\" xmlns:wsiv=\"http://wsiv.ratp.fr\">\n\t<soapenv:Header/>\n\t\t<soapenv:Body>\n\t\t\t<wsiv:getMissionsNext>\n\t\t\t\t\t<wsiv:station>\n\t\t\t\t\t\t<xsd:line>\n\t\t\t\t\t\t\t<xsd:id>RA</xsd:id>\n\t\t\t\t\t\t</xsd:line>\n\t\t\t\t\t<xsd:name>Lognes</xsd:name>\n\t\t\t\t\t</wsiv:station>\n\t\t\t\t\t<wsiv:direction>\n\t\t\t\t\t\t<xsd:sens>*</xsd:sens>\n\t\t\t\t\t</wsiv:direction>\n\t\t\t</wsiv:getMissionsNext>\n\t\t</soapenv:Body>\n</soapenv:Envelope>"
				},
				"url": {
					"raw": "http://opendata-tr.ratp.fr/wsiv/services/Wsiv",
					"protocol": "http",
					"host": [
						"opendata-tr",
						"ratp",
						"fr"
					],
					"path": [
						"wsiv",
						"services",
						"Wsiv"
					]
				}
			},
			"response": []
		},
		{
			"name": "Noisiel",
			"event": [
				{
					"listen": "test",
					"script": {
						"id": "1bdd8515-d5e5-41e5-b0b0-cbf4b3951335",
						"exec": [
							"pm.test(responseBody, true)"
						],
						"type": "text/javascript"
					}
				}
			],
			"request": {
				"method": "POST",
				"header": [
					{
						"key": "Content-Type",
						"value": "text/xml"
					},
					{
						"key": "SOAPAction",
						"value": "urn:getMissionsNext"
					}
				],
				"body": {
					"mode": "raw",
					"raw": "<soapenv:Envelope xmlns:soapenv=\"http://schemas.xmlsoap.org/soap/envelope/\" xmlns:xsd=\"http://wsiv.ratp.fr/xsd\" xmlns:wsiv=\"http://wsiv.ratp.fr\">\n\t<soapenv:Header/>\n\t\t<soapenv:Body>\n\t\t\t<wsiv:getMissionsNext>\n\t\t\t\t\t<wsiv:station>\n\t\t\t\t\t\t<xsd:line>\n\t\t\t\t\t\t\t<xsd:id>RA</xsd:id>\n\t\t\t\t\t\t</xsd:line>\n\t\t\t\t\t<xsd:name>Noisiel</xsd:name>\n\t\t\t\t\t</wsiv:station>\n\t\t\t\t\t<wsiv:direction>\n\t\t\t\t\t\t<xsd:sens>*</xsd:sens>\n\t\t\t\t\t</wsiv:direction>\n\t\t\t</wsiv:getMissionsNext>\n\t\t</soapenv:Body>\n</soapenv:Envelope>"
				},
				"url": {
					"raw": "http://opendata-tr.ratp.fr/wsiv/services/Wsiv",
					"protocol": "http",
					"host": [
						"opendata-tr",
						"ratp",
						"fr"
					],
					"path": [
						"wsiv",
						"services",
						"Wsiv"
					]
				}
			},
			"response": []
		},
		{
			"name": "Noisy le Grand-Mont d'Est",
			"event": [
				{
					"listen": "test",
					"script": {
						"id": "a4e7cdf2-6e22-43fa-8bed-a1a3cdc5c34a",
						"exec": [
							"pm.test(responseBody, true)"
						],
						"type": "text/javascript"
					}
				}
			],
			"request": {
				"method": "POST",
				"header": [
					{
						"key": "Content-Type",
						"value": "text/xml"
					},
					{
						"key": "SOAPAction",
						"value": "urn:getMissionsNext"
					}
				],
				"body": {
					"mode": "raw",
					"raw": "<soapenv:Envelope xmlns:soapenv=\"http://schemas.xmlsoap.org/soap/envelope/\" xmlns:xsd=\"http://wsiv.ratp.fr/xsd\" xmlns:wsiv=\"http://wsiv.ratp.fr\">\n\t<soapenv:Header/>\n\t\t<soapenv:Body>\n\t\t\t<wsiv:getMissionsNext>\n\t\t\t\t\t<wsiv:station>\n\t\t\t\t\t\t<xsd:line>\n\t\t\t\t\t\t\t<xsd:id>RA</xsd:id>\n\t\t\t\t\t\t</xsd:line>\n\t\t\t\t\t<xsd:name>Noisy le Grand-Mont d'Est</xsd:name>\n\t\t\t\t\t</wsiv:station>\n\t\t\t\t\t<wsiv:direction>\n\t\t\t\t\t\t<xsd:sens>*</xsd:sens>\n\t\t\t\t\t</wsiv:direction>\n\t\t\t</wsiv:getMissionsNext>\n\t\t</soapenv:Body>\n</soapenv:Envelope>"
				},
				"url": {
					"raw": "http://opendata-tr.ratp.fr/wsiv/services/Wsiv",
					"protocol": "http",
					"host": [
						"opendata-tr",
						"ratp",
						"fr"
					],
					"path": [
						"wsiv",
						"services",
						"Wsiv"
					]
				}
			},
			"response": []
		},
		{
			"name": "Noisy-Champs",
			"event": [
				{
					"listen": "test",
					"script": {
						"id": "7b372c64-ddd5-48e6-bc44-8b8abf5e10fd",
						"exec": [
							"pm.test(responseBody, true)"
						],
						"type": "text/javascript"
					}
				}
			],
			"request": {
				"method": "POST",
				"header": [
					{
						"key": "Content-Type",
						"value": "text/xml"
					},
					{
						"key": "SOAPAction",
						"value": "urn:getMissionsNext"
					}
				],
				"body": {
					"mode": "raw",
					"raw": "<soapenv:Envelope xmlns:soapenv=\"http://schemas.xmlsoap.org/soap/envelope/\" xmlns:xsd=\"http://wsiv.ratp.fr/xsd\" xmlns:wsiv=\"http://wsiv.ratp.fr\">\n\t<soapenv:Header/>\n\t\t<soapenv:Body>\n\t\t\t<wsiv:getMissionsNext>\n\t\t\t\t\t<wsiv:station>\n\t\t\t\t\t\t<xsd:line>\n\t\t\t\t\t\t\t<xsd:id>RA</xsd:id>\n\t\t\t\t\t\t</xsd:line>\n\t\t\t\t\t<xsd:name>Noisy-Champs</xsd:name>\n\t\t\t\t\t</wsiv:station>\n\t\t\t\t\t<wsiv:direction>\n\t\t\t\t\t\t<xsd:sens>*</xsd:sens>\n\t\t\t\t\t</wsiv:direction>\n\t\t\t</wsiv:getMissionsNext>\n\t\t</soapenv:Body>\n</soapenv:Envelope>"
				},
				"url": {
					"raw": "http://opendata-tr.ratp.fr/wsiv/services/Wsiv",
					"protocol": "http",
					"host": [
						"opendata-tr",
						"ratp",
						"fr"
					],
					"path": [
						"wsiv",
						"services",
						"Wsiv"
					]
				}
			},
			"response": []
		},
		{
			"name": "Bry Sur Marne",
			"event": [
				{
					"listen": "test",
					"script": {
						"id": "2688ad6b-5636-4cea-b6e7-5a3cf21359ec",
						"exec": [
							"pm.test(responseBody, true)"
						],
						"type": "text/javascript"
					}
				}
			],
			"request": {
				"method": "POST",
				"header": [
					{
						"key": "Content-Type",
						"value": "text/xml"
					},
					{
						"key": "SOAPAction",
						"value": "urn:getMissionsNext"
					}
				],
				"body": {
					"mode": "raw",
					"raw": "<soapenv:Envelope xmlns:soapenv=\"http://schemas.xmlsoap.org/soap/envelope/\" xmlns:xsd=\"http://wsiv.ratp.fr/xsd\" xmlns:wsiv=\"http://wsiv.ratp.fr\">\n\t<soapenv:Header/>\n\t\t<soapenv:Body>\n\t\t\t<wsiv:getMissionsNext>\n\t\t\t\t\t<wsiv:station>\n\t\t\t\t\t\t<xsd:line>\n\t\t\t\t\t\t\t<xsd:id>RA</xsd:id>\n\t\t\t\t\t\t</xsd:line>\n\t\t\t\t\t<xsd:name>Bry Sur Marne</xsd:name>\n\t\t\t\t\t</wsiv:station>\n\t\t\t\t\t<wsiv:direction>\n\t\t\t\t\t\t<xsd:sens>*</xsd:sens>\n\t\t\t\t\t</wsiv:direction>\n\t\t\t</wsiv:getMissionsNext>\n\t\t</soapenv:Body>\n</soapenv:Envelope>"
				},
				"url": {
					"raw": "http://opendata-tr.ratp.fr/wsiv/services/Wsiv",
					"protocol": "http",
					"host": [
						"opendata-tr",
						"ratp",
						"fr"
					],
					"path": [
						"wsiv",
						"services",
						"Wsiv"
					]
				}
			},
			"response": []
		},
		{
			"name": "Neuilly-Plaisance",
			"event": [
				{
					"listen": "test",
					"script": {
						"id": "5db1d5c7-9942-4f72-b918-418fe13341f5",
						"exec": [
							"pm.test(responseBody, true)"
						],
						"type": "text/javascript"
					}
				}
			],
			"request": {
				"method": "POST",
				"header": [
					{
						"key": "Content-Type",
						"value": "text/xml"
					},
					{
						"key": "SOAPAction",
						"value": "urn:getMissionsNext"
					}
				],
				"body": {
					"mode": "raw",
					"raw": "<soapenv:Envelope xmlns:soapenv=\"http://schemas.xmlsoap.org/soap/envelope/\" xmlns:xsd=\"http://wsiv.ratp.fr/xsd\" xmlns:wsiv=\"http://wsiv.ratp.fr\">\n\t<soapenv:Header/>\n\t\t<soapenv:Body>\n\t\t\t<wsiv:getMissionsNext>\n\t\t\t\t\t<wsiv:station>\n\t\t\t\t\t\t<xsd:line>\n\t\t\t\t\t\t\t<xsd:id>RA</xsd:id>\n\t\t\t\t\t\t</xsd:line>\n\t\t\t\t\t<xsd:name>Neuilly-Plaisance</xsd:name>\n\t\t\t\t\t</wsiv:station>\n\t\t\t\t\t<wsiv:direction>\n\t\t\t\t\t\t<xsd:sens>*</xsd:sens>\n\t\t\t\t\t</wsiv:direction>\n\t\t\t</wsiv:getMissionsNext>\n\t\t</soapenv:Body>\n</soapenv:Envelope>"
				},
				"url": {
					"raw": "http://opendata-tr.ratp.fr/wsiv/services/Wsiv",
					"protocol": "http",
					"host": [
						"opendata-tr",
						"ratp",
						"fr"
					],
					"path": [
						"wsiv",
						"services",
						"Wsiv"
					]
				}
			},
			"response": []
		},
		{
			"name": "Val de Fontenay",
			"event": [
				{
					"listen": "test",
					"script": {
						"id": "050da6f6-2f9b-4bae-8312-1bac7ba9972c",
						"exec": [
							"pm.test(responseBody, true)"
						],
						"type": "text/javascript"
					}
				}
			],
			"request": {
				"method": "POST",
				"header": [
					{
						"key": "Content-Type",
						"value": "text/xml"
					},
					{
						"key": "SOAPAction",
						"value": "urn:getMissionsNext"
					}
				],
				"body": {
					"mode": "raw",
					"raw": "<soapenv:Envelope xmlns:soapenv=\"http://schemas.xmlsoap.org/soap/envelope/\" xmlns:xsd=\"http://wsiv.ratp.fr/xsd\" xmlns:wsiv=\"http://wsiv.ratp.fr\">\n\t<soapenv:Header/>\n\t\t<soapenv:Body>\n\t\t\t<wsiv:getMissionsNext>\n\t\t\t\t\t<wsiv:station>\n\t\t\t\t\t\t<xsd:line>\n\t\t\t\t\t\t\t<xsd:id>RA</xsd:id>\n\t\t\t\t\t\t</xsd:line>\n\t\t\t\t\t<xsd:name>Val de Fontenay</xsd:name>\n\t\t\t\t\t</wsiv:station>\n\t\t\t\t\t<wsiv:direction>\n\t\t\t\t\t\t<xsd:sens>*</xsd:sens>\n\t\t\t\t\t</wsiv:direction>\n\t\t\t</wsiv:getMissionsNext>\n\t\t</soapenv:Body>\n</soapenv:Envelope>"
				},
				"url": {
					"raw": "http://opendata-tr.ratp.fr/wsiv/services/Wsiv",
					"protocol": "http",
					"host": [
						"opendata-tr",
						"ratp",
						"fr"
					],
					"path": [
						"wsiv",
						"services",
						"Wsiv"
					]
				}
			},
			"response": []
		}
	]
}