{
	"info": {
		"_postman_id": "a2e0ece9-0426-44e1-856c-6eb931e75001",
		"name": "RERB",
		"schema": "https://schema.getpostman.com/json/collection/v2.1.0/collection.json"
	},
	"item": [
		{
			"name": "Saint-Remy-les-Chevreuse",
			"event": [
				{
					"listen": "test",
					"script": {
						"id": "050da6f6-2f9b-4bae-8312-1bac7ba9972c",
						"exec": [
							"pm.test(responseBody, true)"
						],
						"type": "text/javascript"
					}
				}
			],
			"request": {
				"method": "POST",
				"header": [
					{
						"key": "Content-Type",
						"value": "text/xml"
					},
					{
						"key": "SOAPAction",
						"value": "urn:getMissionsNext"
					}
				],
				"body": {
					"mode": "raw",
					"raw": "<soapenv:Envelope xmlns:soapenv=\"http://schemas.xmlsoap.org/soap/envelope/\" xmlns:xsd=\"http://wsiv.ratp.fr/xsd\" xmlns:wsiv=\"http://wsiv.ratp.fr\">\n\t<soapenv:Header/>\n\t\t<soapenv:Body>\n\t\t\t<wsiv:getMissionsNext>\n\t\t\t\t\t<wsiv:station>\n\t\t\t\t\t\t<xsd:line>\n\t\t\t\t\t\t\t<xsd:id>RB</xsd:id>\n\t\t\t\t\t\t</xsd:line>\n\t\t\t\t\t<xsd:name>Saint-Remy-les-Chevreuse</xsd:name>\n\t\t\t\t\t</wsiv:station>\n\t\t\t\t\t<wsiv:direction>\n\t\t\t\t\t\t<xsd:sens>*</xsd:sens>\n\t\t\t\t\t</wsiv:direction>\n\t\t\t</wsiv:getMissionsNext>\n\t\t</soapenv:Body>\n</soapenv:Envelope>"
				},
				"url": {
					"raw": "http://opendata-tr.ratp.fr/wsiv/services/Wsiv",
					"protocol": "http",
					"host": [
						"opendata-tr",
						"ratp",
						"fr"
					],
					"path": [
						"wsiv",
						"services",
						"Wsiv"
					]
				}
			},
			"response": []
		},
		{
			"name": "Courcelle Sur Yvette",
			"event": [
				{
					"listen": "test",
					"script": {
						"id": "050da6f6-2f9b-4bae-8312-1bac7ba9972c",
						"exec": [
							"pm.test(responseBody, true)"
						],
						"type": "text/javascript"
					}
				}
			],
			"request": {
				"method": "POST",
				"header": [
					{
						"key": "Content-Type",
						"value": "text/xml"
					},
					{
						"key": "SOAPAction",
						"value": "urn:getMissionsNext"
					}
				],
				"body": {
					"mode": "raw",
					"raw": "<soapenv:Envelope xmlns:soapenv=\"http://schemas.xmlsoap.org/soap/envelope/\" xmlns:xsd=\"http://wsiv.ratp.fr/xsd\" xmlns:wsiv=\"http://wsiv.ratp.fr\">\n\t<soapenv:Header/>\n\t\t<soapenv:Body>\n\t\t\t<wsiv:getMissionsNext>\n\t\t\t\t\t<wsiv:station>\n\t\t\t\t\t\t<xsd:line>\n\t\t\t\t\t\t\t<xsd:id>RB</xsd:id>\n\t\t\t\t\t\t</xsd:line>\n\t\t\t\t\t<xsd:name>Courcelle Sur Yvette</xsd:name>\n\t\t\t\t\t</wsiv:station>\n\t\t\t\t\t<wsiv:direction>\n\t\t\t\t\t\t<xsd:sens>*</xsd:sens>\n\t\t\t\t\t</wsiv:direction>\n\t\t\t</wsiv:getMissionsNext>\n\t\t</soapenv:Body>\n</soapenv:Envelope>"
				},
				"url": {
					"raw": "http://opendata-tr.ratp.fr/wsiv/services/Wsiv",
					"protocol": "http",
					"host": [
						"opendata-tr",
						"ratp",
						"fr"
					],
					"path": [
						"wsiv",
						"services",
						"Wsiv"
					]
				}
			},
			"response": []
		},
		{
			"name": "Gif Sur Yvette",
			"event": [
				{
					"listen": "test",
					"script": {
						"id": "050da6f6-2f9b-4bae-8312-1bac7ba9972c",
						"exec": [
							"pm.test(responseBody, true)"
						],
						"type": "text/javascript"
					}
				}
			],
			"request": {
				"method": "POST",
				"header": [
					{
						"key": "Content-Type",
						"value": "text/xml"
					},
					{
						"key": "SOAPAction",
						"value": "urn:getMissionsNext"
					}
				],
				"body": {
					"mode": "raw",
					"raw": "<soapenv:Envelope xmlns:soapenv=\"http://schemas.xmlsoap.org/soap/envelope/\" xmlns:xsd=\"http://wsiv.ratp.fr/xsd\" xmlns:wsiv=\"http://wsiv.ratp.fr\">\n\t<soapenv:Header/>\n\t\t<soapenv:Body>\n\t\t\t<wsiv:getMissionsNext>\n\t\t\t\t\t<wsiv:station>\n\t\t\t\t\t\t<xsd:line>\n\t\t\t\t\t\t\t<xsd:id>RB</xsd:id>\n\t\t\t\t\t\t</xsd:line>\n\t\t\t\t\t<xsd:name>Gif Sur Yvette</xsd:name>\n\t\t\t\t\t</wsiv:station>\n\t\t\t\t\t<wsiv:direction>\n\t\t\t\t\t\t<xsd:sens>*</xsd:sens>\n\t\t\t\t\t</wsiv:direction>\n\t\t\t</wsiv:getMissionsNext>\n\t\t</soapenv:Body>\n</soapenv:Envelope>"
				},
				"url": {
					"raw": "http://opendata-tr.ratp.fr/wsiv/services/Wsiv",
					"protocol": "http",
					"host": [
						"opendata-tr",
						"ratp",
						"fr"
					],
					"path": [
						"wsiv",
						"services",
						"Wsiv"
					]
				}
			},
			"response": []
		},
		{
			"name": "La Hacquiniere",
			"event": [
				{
					"listen": "test",
					"script": {
						"id": "050da6f6-2f9b-4bae-8312-1bac7ba9972c",
						"exec": [
							"pm.test(responseBody, true)"
						],
						"type": "text/javascript"
					}
				}
			],
			"request": {
				"method": "POST",
				"header": [
					{
						"key": "Content-Type",
						"value": "text/xml"
					},
					{
						"key": "SOAPAction",
						"value": "urn:getMissionsNext"
					}
				],
				"body": {
					"mode": "raw",
					"raw": "<soapenv:Envelope xmlns:soapenv=\"http://schemas.xmlsoap.org/soap/envelope/\" xmlns:xsd=\"http://wsiv.ratp.fr/xsd\" xmlns:wsiv=\"http://wsiv.ratp.fr\">\n\t<soapenv:Header/>\n\t\t<soapenv:Body>\n\t\t\t<wsiv:getMissionsNext>\n\t\t\t\t\t<wsiv:station>\n\t\t\t\t\t\t<xsd:line>\n\t\t\t\t\t\t\t<xsd:id>RB</xsd:id>\n\t\t\t\t\t\t</xsd:line>\n\t\t\t\t\t<xsd:name>La Hacquiniere</xsd:name>\n\t\t\t\t\t</wsiv:station>\n\t\t\t\t\t<wsiv:direction>\n\t\t\t\t\t\t<xsd:sens>*</xsd:sens>\n\t\t\t\t\t</wsiv:direction>\n\t\t\t</wsiv:getMissionsNext>\n\t\t</soapenv:Body>\n</soapenv:Envelope>"
				},
				"url": {
					"raw": "http://opendata-tr.ratp.fr/wsiv/services/Wsiv",
					"protocol": "http",
					"host": [
						"opendata-tr",
						"ratp",
						"fr"
					],
					"path": [
						"wsiv",
						"services",
						"Wsiv"
					]
				}
			},
			"response": []
		},
		{
			"name": "Bures Sur Yvette",
			"event": [
				{
					"listen": "test",
					"script": {
						"id": "050da6f6-2f9b-4bae-8312-1bac7ba9972c",
						"exec": [
							"pm.test(responseBody, true)"
						],
						"type": "text/javascript"
					}
				}
			],
			"request": {
				"method": "POST",
				"header": [
					{
						"key": "Content-Type",
						"value": "text/xml"
					},
					{
						"key": "SOAPAction",
						"value": "urn:getMissionsNext"
					}
				],
				"body": {
					"mode": "raw",
					"raw": "<soapenv:Envelope xmlns:soapenv=\"http://schemas.xmlsoap.org/soap/envelope/\" xmlns:xsd=\"http://wsiv.ratp.fr/xsd\" xmlns:wsiv=\"http://wsiv.ratp.fr\">\n\t<soapenv:Header/>\n\t\t<soapenv:Body>\n\t\t\t<wsiv:getMissionsNext>\n\t\t\t\t\t<wsiv:station>\n\t\t\t\t\t\t<xsd:line>\n\t\t\t\t\t\t\t<xsd:id>RB</xsd:id>\n\t\t\t\t\t\t</xsd:line>\n\t\t\t\t\t<xsd:name>Bures Sur Yvette</xsd:name>\n\t\t\t\t\t</wsiv:station>\n\t\t\t\t\t<wsiv:direction>\n\t\t\t\t\t\t<xsd:sens>*</xsd:sens>\n\t\t\t\t\t</wsiv:direction>\n\t\t\t</wsiv:getMissionsNext>\n\t\t</soapenv:Body>\n</soapenv:Envelope>"
				},
				"url": {
					"raw": "http://opendata-tr.ratp.fr/wsiv/services/Wsiv",
					"protocol": "http",
					"host": [
						"opendata-tr",
						"ratp",
						"fr"
					],
					"path": [
						"wsiv",
						"services",
						"Wsiv"
					]
				}
			},
			"response": []
		},
		{
			"name": "Orsay Ville",
			"event": [
				{
					"listen": "test",
					"script": {
						"id": "050da6f6-2f9b-4bae-8312-1bac7ba9972c",
						"exec": [
							"pm.test(responseBody, true)"
						],
						"type": "text/javascript"
					}
				}
			],
			"request": {
				"method": "POST",
				"header": [
					{
						"key": "Content-Type",
						"value": "text/xml"
					},
					{
						"key": "SOAPAction",
						"value": "urn:getMissionsNext"
					}
				],
				"body": {
					"mode": "raw",
					"raw": "<soapenv:Envelope xmlns:soapenv=\"http://schemas.xmlsoap.org/soap/envelope/\" xmlns:xsd=\"http://wsiv.ratp.fr/xsd\" xmlns:wsiv=\"http://wsiv.ratp.fr\">\n\t<soapenv:Header/>\n\t\t<soapenv:Body>\n\t\t\t<wsiv:getMissionsNext>\n\t\t\t\t\t<wsiv:station>\n\t\t\t\t\t\t<xsd:line>\n\t\t\t\t\t\t\t<xsd:id>RB</xsd:id>\n\t\t\t\t\t\t</xsd:line>\n\t\t\t\t\t<xsd:name>Orsay Ville</xsd:name>\n\t\t\t\t\t</wsiv:station>\n\t\t\t\t\t<wsiv:direction>\n\t\t\t\t\t\t<xsd:sens>*</xsd:sens>\n\t\t\t\t\t</wsiv:direction>\n\t\t\t</wsiv:getMissionsNext>\n\t\t</soapenv:Body>\n</soapenv:Envelope>"
				},
				"url": {
					"raw": "http://opendata-tr.ratp.fr/wsiv/services/Wsiv",
					"protocol": "http",
					"host": [
						"opendata-tr",
						"ratp",
						"fr"
					],
					"path": [
						"wsiv",
						"services",
						"Wsiv"
					]
				}
			},
			"response": []
		},
		{
			"name": "Le Guichet",
			"event": [
				{
					"listen": "test",
					"script": {
						"id": "050da6f6-2f9b-4bae-8312-1bac7ba9972c",
						"exec": [
							"pm.test(responseBody, true)"
						],
						"type": "text/javascript"
					}
				}
			],
			"request": {
				"method": "POST",
				"header": [
					{
						"key": "Content-Type",
						"value": "text/xml"
					},
					{
						"key": "SOAPAction",
						"value": "urn:getMissionsNext"
					}
				],
				"body": {
					"mode": "raw",
					"raw": "<soapenv:Envelope xmlns:soapenv=\"http://schemas.xmlsoap.org/soap/envelope/\" xmlns:xsd=\"http://wsiv.ratp.fr/xsd\" xmlns:wsiv=\"http://wsiv.ratp.fr\">\n\t<soapenv:Header/>\n\t\t<soapenv:Body>\n\t\t\t<wsiv:getMissionsNext>\n\t\t\t\t\t<wsiv:station>\n\t\t\t\t\t\t<xsd:line>\n\t\t\t\t\t\t\t<xsd:id>RB</xsd:id>\n\t\t\t\t\t\t</xsd:line>\n\t\t\t\t\t<xsd:name>Le Guichet</xsd:name>\n\t\t\t\t\t</wsiv:station>\n\t\t\t\t\t<wsiv:direction>\n\t\t\t\t\t\t<xsd:sens>*</xsd:sens>\n\t\t\t\t\t</wsiv:direction>\n\t\t\t</wsiv:getMissionsNext>\n\t\t</soapenv:Body>\n</soapenv:Envelope>"
				},
				"url": {
					"raw": "http://opendata-tr.ratp.fr/wsiv/services/Wsiv",
					"protocol": "http",
					"host": [
						"opendata-tr",
						"ratp",
						"fr"
					],
					"path": [
						"wsiv",
						"services",
						"Wsiv"
					]
				}
			},
			"response": []
		},
		{
			"name": "Lozere",
			"event": [
				{
					"listen": "test",
					"script": {
						"id": "050da6f6-2f9b-4bae-8312-1bac7ba9972c",
						"exec": [
							"pm.test(responseBody, true)"
						],
						"type": "text/javascript"
					}
				}
			],
			"request": {
				"method": "POST",
				"header": [
					{
						"key": "Content-Type",
						"value": "text/xml"
					},
					{
						"key": "SOAPAction",
						"value": "urn:getMissionsNext"
					}
				],
				"body": {
					"mode": "raw",
					"raw": "<soapenv:Envelope xmlns:soapenv=\"http://schemas.xmlsoap.org/soap/envelope/\" xmlns:xsd=\"http://wsiv.ratp.fr/xsd\" xmlns:wsiv=\"http://wsiv.ratp.fr\">\n\t<soapenv:Header/>\n\t\t<soapenv:Body>\n\t\t\t<wsiv:getMissionsNext>\n\t\t\t\t\t<wsiv:station>\n\t\t\t\t\t\t<xsd:line>\n\t\t\t\t\t\t\t<xsd:id>RB</xsd:id>\n\t\t\t\t\t\t</xsd:line>\n\t\t\t\t\t<xsd:name>Lozere</xsd:name>\n\t\t\t\t\t</wsiv:station>\n\t\t\t\t\t<wsiv:direction>\n\t\t\t\t\t\t<xsd:sens>*</xsd:sens>\n\t\t\t\t\t</wsiv:direction>\n\t\t\t</wsiv:getMissionsNext>\n\t\t</soapenv:Body>\n</soapenv:Envelope>"
				},
				"url": {
					"raw": "http://opendata-tr.ratp.fr/wsiv/services/Wsiv",
					"protocol": "http",
					"host": [
						"opendata-tr",
						"ratp",
						"fr"
					],
					"path": [
						"wsiv",
						"services",
						"Wsiv"
					]
				}
			},
			"response": []
		},
		{
			"name": "Palaiseau Villebon",
			"event": [
				{
					"listen": "test",
					"script": {
						"id": "050da6f6-2f9b-4bae-8312-1bac7ba9972c",
						"exec": [
							"pm.test(responseBody, true)"
						],
						"type": "text/javascript"
					}
				}
			],
			"request": {
				"method": "POST",
				"header": [
					{
						"key": "Content-Type",
						"value": "text/xml"
					},
					{
						"key": "SOAPAction",
						"value": "urn:getMissionsNext"
					}
				],
				"body": {
					"mode": "raw",
					"raw": "<soapenv:Envelope xmlns:soapenv=\"http://schemas.xmlsoap.org/soap/envelope/\" xmlns:xsd=\"http://wsiv.ratp.fr/xsd\" xmlns:wsiv=\"http://wsiv.ratp.fr\">\n\t<soapenv:Header/>\n\t\t<soapenv:Body>\n\t\t\t<wsiv:getMissionsNext>\n\t\t\t\t\t<wsiv:station>\n\t\t\t\t\t\t<xsd:line>\n\t\t\t\t\t\t\t<xsd:id>RB</xsd:id>\n\t\t\t\t\t\t</xsd:line>\n\t\t\t\t\t<xsd:name>Palaiseau Villebon</xsd:name>\n\t\t\t\t\t</wsiv:station>\n\t\t\t\t\t<wsiv:direction>\n\t\t\t\t\t\t<xsd:sens>*</xsd:sens>\n\t\t\t\t\t</wsiv:direction>\n\t\t\t</wsiv:getMissionsNext>\n\t\t</soapenv:Body>\n</soapenv:Envelope>"
				},
				"url": {
					"raw": "http://opendata-tr.ratp.fr/wsiv/services/Wsiv",
					"protocol": "http",
					"host": [
						"opendata-tr",
						"ratp",
						"fr"
					],
					"path": [
						"wsiv",
						"services",
						"Wsiv"
					]
				}
			},
			"response": []
		},
		{
			"name": "Palaiseau",
			"event": [
				{
					"listen": "test",
					"script": {
						"id": "050da6f6-2f9b-4bae-8312-1bac7ba9972c",
						"exec": [
							"pm.test(responseBody, true)"
						],
						"type": "text/javascript"
					}
				}
			],
			"request": {
				"method": "POST",
				"header": [
					{
						"key": "Content-Type",
						"value": "text/xml"
					},
					{
						"key": "SOAPAction",
						"value": "urn:getMissionsNext"
					}
				],
				"body": {
					"mode": "raw",
					"raw": "<soapenv:Envelope xmlns:soapenv=\"http://schemas.xmlsoap.org/soap/envelope/\" xmlns:xsd=\"http://wsiv.ratp.fr/xsd\" xmlns:wsiv=\"http://wsiv.ratp.fr\">\n\t<soapenv:Header/>\n\t\t<soapenv:Body>\n\t\t\t<wsiv:getMissionsNext>\n\t\t\t\t\t<wsiv:station>\n\t\t\t\t\t\t<xsd:line>\n\t\t\t\t\t\t\t<xsd:id>RB</xsd:id>\n\t\t\t\t\t\t</xsd:line>\n\t\t\t\t\t<xsd:name>Palaiseau</xsd:name>\n\t\t\t\t\t</wsiv:station>\n\t\t\t\t\t<wsiv:direction>\n\t\t\t\t\t\t<xsd:sens>*</xsd:sens>\n\t\t\t\t\t</wsiv:direction>\n\t\t\t</wsiv:getMissionsNext>\n\t\t</soapenv:Body>\n</soapenv:Envelope>"
				},
				"url": {
					"raw": "http://opendata-tr.ratp.fr/wsiv/services/Wsiv",
					"protocol": "http",
					"host": [
						"opendata-tr",
						"ratp",
						"fr"
					],
					"path": [
						"wsiv",
						"services",
						"Wsiv"
					]
				}
			},
			"response": []
		},
		{
			"name": "Massy Palaiseau",
			"event": [
				{
					"listen": "test",
					"script": {
						"id": "050da6f6-2f9b-4bae-8312-1bac7ba9972c",
						"exec": [
							"pm.test(responseBody, true)"
						],
						"type": "text/javascript"
					}
				}
			],
			"request": {
				"method": "POST",
				"header": [
					{
						"key": "Content-Type",
						"value": "text/xml"
					},
					{
						"key": "SOAPAction",
						"value": "urn:getMissionsNext"
					}
				],
				"body": {
					"mode": "raw",
					"raw": "<soapenv:Envelope xmlns:soapenv=\"http://schemas.xmlsoap.org/soap/envelope/\" xmlns:xsd=\"http://wsiv.ratp.fr/xsd\" xmlns:wsiv=\"http://wsiv.ratp.fr\">\n\t<soapenv:Header/>\n\t\t<soapenv:Body>\n\t\t\t<wsiv:getMissionsNext>\n\t\t\t\t\t<wsiv:station>\n\t\t\t\t\t\t<xsd:line>\n\t\t\t\t\t\t\t<xsd:id>RB</xsd:id>\n\t\t\t\t\t\t</xsd:line>\n\t\t\t\t\t<xsd:name>Massy Palaiseau</xsd:name>\n\t\t\t\t\t</wsiv:station>\n\t\t\t\t\t<wsiv:direction>\n\t\t\t\t\t\t<xsd:sens>*</xsd:sens>\n\t\t\t\t\t</wsiv:direction>\n\t\t\t</wsiv:getMissionsNext>\n\t\t</soapenv:Body>\n</soapenv:Envelope>"
				},
				"url": {
					"raw": "http://opendata-tr.ratp.fr/wsiv/services/Wsiv",
					"protocol": "http",
					"host": [
						"opendata-tr",
						"ratp",
						"fr"
					],
					"path": [
						"wsiv",
						"services",
						"Wsiv"
					]
				}
			},
			"response": []
		},
		{
			"name": "Massy Verrieres",
			"event": [
				{
					"listen": "test",
					"script": {
						"id": "050da6f6-2f9b-4bae-8312-1bac7ba9972c",
						"exec": [
							"pm.test(responseBody, true)"
						],
						"type": "text/javascript"
					}
				}
			],
			"request": {
				"method": "POST",
				"header": [
					{
						"key": "Content-Type",
						"value": "text/xml"
					},
					{
						"key": "SOAPAction",
						"value": "urn:getMissionsNext"
					}
				],
				"body": {
					"mode": "raw",
					"raw": "<soapenv:Envelope xmlns:soapenv=\"http://schemas.xmlsoap.org/soap/envelope/\" xmlns:xsd=\"http://wsiv.ratp.fr/xsd\" xmlns:wsiv=\"http://wsiv.ratp.fr\">\n\t<soapenv:Header/>\n\t\t<soapenv:Body>\n\t\t\t<wsiv:getMissionsNext>\n\t\t\t\t\t<wsiv:station>\n\t\t\t\t\t\t<xsd:line>\n\t\t\t\t\t\t\t<xsd:id>RB</xsd:id>\n\t\t\t\t\t\t</xsd:line>\n\t\t\t\t\t<xsd:name>Massy Verrieres</xsd:name>\n\t\t\t\t\t</wsiv:station>\n\t\t\t\t\t<wsiv:direction>\n\t\t\t\t\t\t<xsd:sens>*</xsd:sens>\n\t\t\t\t\t</wsiv:direction>\n\t\t\t</wsiv:getMissionsNext>\n\t\t</soapenv:Body>\n</soapenv:Envelope>"
				},
				"url": {
					"raw": "http://opendata-tr.ratp.fr/wsiv/services/Wsiv",
					"protocol": "http",
					"host": [
						"opendata-tr",
						"ratp",
						"fr"
					],
					"path": [
						"wsiv",
						"services",
						"Wsiv"
					]
				}
			},
			"response": []
		},
		{
			"name": "Les Baconnets",
			"event": [
				{
					"listen": "test",
					"script": {
						"id": "050da6f6-2f9b-4bae-8312-1bac7ba9972c",
						"exec": [
							"pm.test(responseBody, true)"
						],
						"type": "text/javascript"
					}
				}
			],
			"request": {
				"method": "POST",
				"header": [
					{
						"key": "Content-Type",
						"value": "text/xml"
					},
					{
						"key": "SOAPAction",
						"value": "urn:getMissionsNext"
					}
				],
				"body": {
					"mode": "raw",
					"raw": "<soapenv:Envelope xmlns:soapenv=\"http://schemas.xmlsoap.org/soap/envelope/\" xmlns:xsd=\"http://wsiv.ratp.fr/xsd\" xmlns:wsiv=\"http://wsiv.ratp.fr\">\n\t<soapenv:Header/>\n\t\t<soapenv:Body>\n\t\t\t<wsiv:getMissionsNext>\n\t\t\t\t\t<wsiv:station>\n\t\t\t\t\t\t<xsd:line>\n\t\t\t\t\t\t\t<xsd:id>RB</xsd:id>\n\t\t\t\t\t\t</xsd:line>\n\t\t\t\t\t<xsd:name>Les Baconnets</xsd:name>\n\t\t\t\t\t</wsiv:station>\n\t\t\t\t\t<wsiv:direction>\n\t\t\t\t\t\t<xsd:sens>*</xsd:sens>\n\t\t\t\t\t</wsiv:direction>\n\t\t\t</wsiv:getMissionsNext>\n\t\t</soapenv:Body>\n</soapenv:Envelope>"
				},
				"url": {
					"raw": "http://opendata-tr.ratp.fr/wsiv/services/Wsiv",
					"protocol": "http",
					"host": [
						"opendata-tr",
						"ratp",
						"fr"
					],
					"path": [
						"wsiv",
						"services",
						"Wsiv"
					]
				}
			},
			"response": []
		},
		{
			"name": "Fontaine Michalon",
			"event": [
				{
					"listen": "test",
					"script": {
						"id": "050da6f6-2f9b-4bae-8312-1bac7ba9972c",
						"exec": [
							"pm.test(responseBody, true)"
						],
						"type": "text/javascript"
					}
				}
			],
			"request": {
				"method": "POST",
				"header": [
					{
						"key": "Content-Type",
						"value": "text/xml"
					},
					{
						"key": "SOAPAction",
						"value": "urn:getMissionsNext"
					}
				],
				"body": {
					"mode": "raw",
					"raw": "<soapenv:Envelope xmlns:soapenv=\"http://schemas.xmlsoap.org/soap/envelope/\" xmlns:xsd=\"http://wsiv.ratp.fr/xsd\" xmlns:wsiv=\"http://wsiv.ratp.fr\">\n\t<soapenv:Header/>\n\t\t<soapenv:Body>\n\t\t\t<wsiv:getMissionsNext>\n\t\t\t\t\t<wsiv:station>\n\t\t\t\t\t\t<xsd:line>\n\t\t\t\t\t\t\t<xsd:id>RB</xsd:id>\n\t\t\t\t\t\t</xsd:line>\n\t\t\t\t\t<xsd:name>Fontaine Michalon</xsd:name>\n\t\t\t\t\t</wsiv:station>\n\t\t\t\t\t<wsiv:direction>\n\t\t\t\t\t\t<xsd:sens>*</xsd:sens>\n\t\t\t\t\t</wsiv:direction>\n\t\t\t</wsiv:getMissionsNext>\n\t\t</soapenv:Body>\n</soapenv:Envelope>"
				},
				"url": {
					"raw": "http://opendata-tr.ratp.fr/wsiv/services/Wsiv",
					"protocol": "http",
					"host": [
						"opendata-tr",
						"ratp",
						"fr"
					],
					"path": [
						"wsiv",
						"services",
						"Wsiv"
					]
				}
			},
			"response": []
		},
		{
			"name": "Antony",
			"event": [
				{
					"listen": "test",
					"script": {
						"id": "050da6f6-2f9b-4bae-8312-1bac7ba9972c",
						"exec": [
							"pm.test(responseBody, true)"
						],
						"type": "text/javascript"
					}
				}
			],
			"request": {
				"method": "POST",
				"header": [
					{
						"key": "Content-Type",
						"value": "text/xml"
					},
					{
						"key": "SOAPAction",
						"value": "urn:getMissionsNext"
					}
				],
				"body": {
					"mode": "raw",
					"raw": "<soapenv:Envelope xmlns:soapenv=\"http://schemas.xmlsoap.org/soap/envelope/\" xmlns:xsd=\"http://wsiv.ratp.fr/xsd\" xmlns:wsiv=\"http://wsiv.ratp.fr\">\n\t<soapenv:Header/>\n\t\t<soapenv:Body>\n\t\t\t<wsiv:getMissionsNext>\n\t\t\t\t\t<wsiv:station>\n\t\t\t\t\t\t<xsd:line>\n\t\t\t\t\t\t\t<xsd:id>RB</xsd:id>\n\t\t\t\t\t\t</xsd:line>\n\t\t\t\t\t<xsd:name>Antony</xsd:name>\n\t\t\t\t\t</wsiv:station>\n\t\t\t\t\t<wsiv:direction>\n\t\t\t\t\t\t<xsd:sens>*</xsd:sens>\n\t\t\t\t\t</wsiv:direction>\n\t\t\t</wsiv:getMissionsNext>\n\t\t</soapenv:Body>\n</soapenv:Envelope>"
				},
				"url": {
					"raw": "http://opendata-tr.ratp.fr/wsiv/services/Wsiv",
					"protocol": "http",
					"host": [
						"opendata-tr",
						"ratp",
						"fr"
					],
					"path": [
						"wsiv",
						"services",
						"Wsiv"
					]
				}
			},
			"response": []
		},
		{
			"name": "La Croix de Berny",
			"event": [
				{
					"listen": "test",
					"script": {
						"id": "050da6f6-2f9b-4bae-8312-1bac7ba9972c",
						"exec": [
							"pm.test(responseBody, true)"
						],
						"type": "text/javascript"
					}
				}
			],
			"request": {
				"method": "POST",
				"header": [
					{
						"key": "Content-Type",
						"value": "text/xml"
					},
					{
						"key": "SOAPAction",
						"value": "urn:getMissionsNext"
					}
				],
				"body": {
					"mode": "raw",
					"raw": "<soapenv:Envelope xmlns:soapenv=\"http://schemas.xmlsoap.org/soap/envelope/\" xmlns:xsd=\"http://wsiv.ratp.fr/xsd\" xmlns:wsiv=\"http://wsiv.ratp.fr\">\n\t<soapenv:Header/>\n\t\t<soapenv:Body>\n\t\t\t<wsiv:getMissionsNext>\n\t\t\t\t\t<wsiv:station>\n\t\t\t\t\t\t<xsd:line>\n\t\t\t\t\t\t\t<xsd:id>RB</xsd:id>\n\t\t\t\t\t\t</xsd:line>\n\t\t\t\t\t<xsd:name>La Croix de Berny</xsd:name>\n\t\t\t\t\t</wsiv:station>\n\t\t\t\t\t<wsiv:direction>\n\t\t\t\t\t\t<xsd:sens>*</xsd:sens>\n\t\t\t\t\t</wsiv:direction>\n\t\t\t</wsiv:getMissionsNext>\n\t\t</soapenv:Body>\n</soapenv:Envelope>"
				},
				"url": {
					"raw": "http://opendata-tr.ratp.fr/wsiv/services/Wsiv",
					"protocol": "http",
					"host": [
						"opendata-tr",
						"ratp",
						"fr"
					],
					"path": [
						"wsiv",
						"services",
						"Wsiv"
					]
				}
			},
			"response": []
		},
		{
			"name": "Parc de Sceaux",
			"event": [
				{
					"listen": "test",
					"script": {
						"id": "050da6f6-2f9b-4bae-8312-1bac7ba9972c",
						"exec": [
							"pm.test(responseBody, true)"
						],
						"type": "text/javascript"
					}
				}
			],
			"request": {
				"method": "POST",
				"header": [
					{
						"key": "Content-Type",
						"value": "text/xml"
					},
					{
						"key": "SOAPAction",
						"value": "urn:getMissionsNext"
					}
				],
				"body": {
					"mode": "raw",
					"raw": "<soapenv:Envelope xmlns:soapenv=\"http://schemas.xmlsoap.org/soap/envelope/\" xmlns:xsd=\"http://wsiv.ratp.fr/xsd\" xmlns:wsiv=\"http://wsiv.ratp.fr\">\n\t<soapenv:Header/>\n\t\t<soapenv:Body>\n\t\t\t<wsiv:getMissionsNext>\n\t\t\t\t\t<wsiv:station>\n\t\t\t\t\t\t<xsd:line>\n\t\t\t\t\t\t\t<xsd:id>RB</xsd:id>\n\t\t\t\t\t\t</xsd:line>\n\t\t\t\t\t<xsd:name>Parc de Sceaux</xsd:name>\n\t\t\t\t\t</wsiv:station>\n\t\t\t\t\t<wsiv:direction>\n\t\t\t\t\t\t<xsd:sens>*</xsd:sens>\n\t\t\t\t\t</wsiv:direction>\n\t\t\t</wsiv:getMissionsNext>\n\t\t</soapenv:Body>\n</soapenv:Envelope>"
				},
				"url": {
					"raw": "http://opendata-tr.ratp.fr/wsiv/services/Wsiv",
					"protocol": "http",
					"host": [
						"opendata-tr",
						"ratp",
						"fr"
					],
					"path": [
						"wsiv",
						"services",
						"Wsiv"
					]
				}
			},
			"response": []
		},
		{
			"name": "Bourg la Reine",
			"event": [
				{
					"listen": "test",
					"script": {
						"id": "050da6f6-2f9b-4bae-8312-1bac7ba9972c",
						"exec": [
							"pm.test(responseBody, true)"
						],
						"type": "text/javascript"
					}
				}
			],
			"request": {
				"method": "POST",
				"header": [
					{
						"key": "Content-Type",
						"value": "text/xml"
					},
					{
						"key": "SOAPAction",
						"value": "urn:getMissionsNext"
					}
				],
				"body": {
					"mode": "raw",
					"raw": "<soapenv:Envelope xmlns:soapenv=\"http://schemas.xmlsoap.org/soap/envelope/\" xmlns:xsd=\"http://wsiv.ratp.fr/xsd\" xmlns:wsiv=\"http://wsiv.ratp.fr\">\n\t<soapenv:Header/>\n\t\t<soapenv:Body>\n\t\t\t<wsiv:getMissionsNext>\n\t\t\t\t\t<wsiv:station>\n\t\t\t\t\t\t<xsd:line>\n\t\t\t\t\t\t\t<xsd:id>RB</xsd:id>\n\t\t\t\t\t\t</xsd:line>\n\t\t\t\t\t<xsd:name>Bourg la Reine</xsd:name>\n\t\t\t\t\t</wsiv:station>\n\t\t\t\t\t<wsiv:direction>\n\t\t\t\t\t\t<xsd:sens>*</xsd:sens>\n\t\t\t\t\t</wsiv:direction>\n\t\t\t</wsiv:getMissionsNext>\n\t\t</soapenv:Body>\n</soapenv:Envelope>"
				},
				"url": {
					"raw": "http://opendata-tr.ratp.fr/wsiv/services/Wsiv",
					"protocol": "http",
					"host": [
						"opendata-tr",
						"ratp",
						"fr"
					],
					"path": [
						"wsiv",
						"services",
						"Wsiv"
					]
				}
			},
			"response": []
		},
		{
			"name": "Bagneux",
			"event": [
				{
					"listen": "test",
					"script": {
						"id": "050da6f6-2f9b-4bae-8312-1bac7ba9972c",
						"exec": [
							"pm.test(responseBody, true)"
						],
						"type": "text/javascript"
					}
				}
			],
			"request": {
				"method": "POST",
				"header": [
					{
						"key": "Content-Type",
						"value": "text/xml"
					},
					{
						"key": "SOAPAction",
						"value": "urn:getMissionsNext"
					}
				],
				"body": {
					"mode": "raw",
					"raw": "<soapenv:Envelope xmlns:soapenv=\"http://schemas.xmlsoap.org/soap/envelope/\" xmlns:xsd=\"http://wsiv.ratp.fr/xsd\" xmlns:wsiv=\"http://wsiv.ratp.fr\">\n\t<soapenv:Header/>\n\t\t<soapenv:Body>\n\t\t\t<wsiv:getMissionsNext>\n\t\t\t\t\t<wsiv:station>\n\t\t\t\t\t\t<xsd:line>\n\t\t\t\t\t\t\t<xsd:id>RB</xsd:id>\n\t\t\t\t\t\t</xsd:line>\n\t\t\t\t\t<xsd:name>Bagneux</xsd:name>\n\t\t\t\t\t</wsiv:station>\n\t\t\t\t\t<wsiv:direction>\n\t\t\t\t\t\t<xsd:sens>*</xsd:sens>\n\t\t\t\t\t</wsiv:direction>\n\t\t\t</wsiv:getMissionsNext>\n\t\t</soapenv:Body>\n</soapenv:Envelope>"
				},
				"url": {
					"raw": "http://opendata-tr.ratp.fr/wsiv/services/Wsiv",
					"protocol": "http",
					"host": [
						"opendata-tr",
						"ratp",
						"fr"
					],
					"path": [
						"wsiv",
						"services",
						"Wsiv"
					]
				}
			},
			"response": []
		},
		{
			"name": "Arcueil Cachan",
			"event": [
				{
					"listen": "test",
					"script": {
						"id": "050da6f6-2f9b-4bae-8312-1bac7ba9972c",
						"exec": [
							"pm.test(responseBody, true)"
						],
						"type": "text/javascript"
					}
				}
			],
			"request": {
				"method": "POST",
				"header": [
					{
						"key": "Content-Type",
						"value": "text/xml"
					},
					{
						"key": "SOAPAction",
						"value": "urn:getMissionsNext"
					}
				],
				"body": {
					"mode": "raw",
					"raw": "<soapenv:Envelope xmlns:soapenv=\"http://schemas.xmlsoap.org/soap/envelope/\" xmlns:xsd=\"http://wsiv.ratp.fr/xsd\" xmlns:wsiv=\"http://wsiv.ratp.fr\">\n\t<soapenv:Header/>\n\t\t<soapenv:Body>\n\t\t\t<wsiv:getMissionsNext>\n\t\t\t\t\t<wsiv:station>\n\t\t\t\t\t\t<xsd:line>\n\t\t\t\t\t\t\t<xsd:id>RB</xsd:id>\n\t\t\t\t\t\t</xsd:line>\n\t\t\t\t\t<xsd:name>Arcueil Cachan</xsd:name>\n\t\t\t\t\t</wsiv:station>\n\t\t\t\t\t<wsiv:direction>\n\t\t\t\t\t\t<xsd:sens>*</xsd:sens>\n\t\t\t\t\t</wsiv:direction>\n\t\t\t</wsiv:getMissionsNext>\n\t\t</soapenv:Body>\n</soapenv:Envelope>"
				},
				"url": {
					"raw": "http://opendata-tr.ratp.fr/wsiv/services/Wsiv",
					"protocol": "http",
					"host": [
						"opendata-tr",
						"ratp",
						"fr"
					],
					"path": [
						"wsiv",
						"services",
						"Wsiv"
					]
				}
			},
			"response": []
		},
		{
			"name": "Laplace",
			"event": [
				{
					"listen": "test",
					"script": {
						"id": "050da6f6-2f9b-4bae-8312-1bac7ba9972c",
						"exec": [
							"pm.test(responseBody, true)"
						],
						"type": "text/javascript"
					}
				}
			],
			"request": {
				"method": "POST",
				"header": [
					{
						"key": "Content-Type",
						"value": "text/xml"
					},
					{
						"key": "SOAPAction",
						"value": "urn:getMissionsNext"
					}
				],
				"body": {
					"mode": "raw",
					"raw": "<soapenv:Envelope xmlns:soapenv=\"http://schemas.xmlsoap.org/soap/envelope/\" xmlns:xsd=\"http://wsiv.ratp.fr/xsd\" xmlns:wsiv=\"http://wsiv.ratp.fr\">\n\t<soapenv:Header/>\n\t\t<soapenv:Body>\n\t\t\t<wsiv:getMissionsNext>\n\t\t\t\t\t<wsiv:station>\n\t\t\t\t\t\t<xsd:line>\n\t\t\t\t\t\t\t<xsd:id>RB</xsd:id>\n\t\t\t\t\t\t</xsd:line>\n\t\t\t\t\t<xsd:name>Laplace</xsd:name>\n\t\t\t\t\t</wsiv:station>\n\t\t\t\t\t<wsiv:direction>\n\t\t\t\t\t\t<xsd:sens>*</xsd:sens>\n\t\t\t\t\t</wsiv:direction>\n\t\t\t</wsiv:getMissionsNext>\n\t\t</soapenv:Body>\n</soapenv:Envelope>"
				},
				"url": {
					"raw": "http://opendata-tr.ratp.fr/wsiv/services/Wsiv",
					"protocol": "http",
					"host": [
						"opendata-tr",
						"ratp",
						"fr"
					],
					"path": [
						"wsiv",
						"services",
						"Wsiv"
					]
				}
			},
			"response": []
		},
		{
			"name": "Gentilly",
			"event": [
				{
					"listen": "test",
					"script": {
						"id": "050da6f6-2f9b-4bae-8312-1bac7ba9972c",
						"exec": [
							"pm.test(responseBody, true)"
						],
						"type": "text/javascript"
					}
				}
			],
			"request": {
				"method": "POST",
				"header": [
					{
						"key": "Content-Type",
						"value": "text/xml"
					},
					{
						"key": "SOAPAction",
						"value": "urn:getMissionsNext"
					}
				],
				"body": {
					"mode": "raw",
					"raw": "<soapenv:Envelope xmlns:soapenv=\"http://schemas.xmlsoap.org/soap/envelope/\" xmlns:xsd=\"http://wsiv.ratp.fr/xsd\" xmlns:wsiv=\"http://wsiv.ratp.fr\">\n\t<soapenv:Header/>\n\t\t<soapenv:Body>\n\t\t\t<wsiv:getMissionsNext>\n\t\t\t\t\t<wsiv:station>\n\t\t\t\t\t\t<xsd:line>\n\t\t\t\t\t\t\t<xsd:id>RB</xsd:id>\n\t\t\t\t\t\t</xsd:line>\n\t\t\t\t\t<xsd:name>Gentilly</xsd:name>\n\t\t\t\t\t</wsiv:station>\n\t\t\t\t\t<wsiv:direction>\n\t\t\t\t\t\t<xsd:sens>*</xsd:sens>\n\t\t\t\t\t</wsiv:direction>\n\t\t\t</wsiv:getMissionsNext>\n\t\t</soapenv:Body>\n</soapenv:Envelope>"
				},
				"url": {
					"raw": "http://opendata-tr.ratp.fr/wsiv/services/Wsiv",
					"protocol": "http",
					"host": [
						"opendata-tr",
						"ratp",
						"fr"
					],
					"path": [
						"wsiv",
						"services",
						"Wsiv"
					]
				}
			},
			"response": []
		},
		{
			"name": "Cite Universitaire",
			"event": [
				{
					"listen": "test",
					"script": {
						"id": "050da6f6-2f9b-4bae-8312-1bac7ba9972c",
						"exec": [
							"pm.test(responseBody, true)"
						],
						"type": "text/javascript"
					}
				}
			],
			"request": {
				"method": "POST",
				"header": [
					{
						"key": "Content-Type",
						"value": "text/xml"
					},
					{
						"key": "SOAPAction",
						"value": "urn:getMissionsNext"
					}
				],
				"body": {
					"mode": "raw",
					"raw": "<soapenv:Envelope xmlns:soapenv=\"http://schemas.xmlsoap.org/soap/envelope/\" xmlns:xsd=\"http://wsiv.ratp.fr/xsd\" xmlns:wsiv=\"http://wsiv.ratp.fr\">\n\t<soapenv:Header/>\n\t\t<soapenv:Body>\n\t\t\t<wsiv:getMissionsNext>\n\t\t\t\t\t<wsiv:station>\n\t\t\t\t\t\t<xsd:line>\n\t\t\t\t\t\t\t<xsd:id>RB</xsd:id>\n\t\t\t\t\t\t</xsd:line>\n\t\t\t\t\t<xsd:name>Cite Universitaire</xsd:name>\n\t\t\t\t\t</wsiv:station>\n\t\t\t\t\t<wsiv:direction>\n\t\t\t\t\t\t<xsd:sens>*</xsd:sens>\n\t\t\t\t\t</wsiv:direction>\n\t\t\t</wsiv:getMissionsNext>\n\t\t</soapenv:Body>\n</soapenv:Envelope>"
				},
				"url": {
					"raw": "http://opendata-tr.ratp.fr/wsiv/services/Wsiv",
					"protocol": "http",
					"host": [
						"opendata-tr",
						"ratp",
						"fr"
					],
					"path": [
						"wsiv",
						"services",
						"Wsiv"
					]
				}
			},
			"response": []
		},
		{
			"name": "Denfert Rochereau",
			"event": [
				{
					"listen": "test",
					"script": {
						"id": "050da6f6-2f9b-4bae-8312-1bac7ba9972c",
						"exec": [
							"pm.test(responseBody, true)"
						],
						"type": "text/javascript"
					}
				}
			],
			"request": {
				"method": "POST",
				"header": [
					{
						"key": "Content-Type",
						"value": "text/xml"
					},
					{
						"key": "SOAPAction",
						"value": "urn:getMissionsNext"
					}
				],
				"body": {
					"mode": "raw",
					"raw": "<soapenv:Envelope xmlns:soapenv=\"http://schemas.xmlsoap.org/soap/envelope/\" xmlns:xsd=\"http://wsiv.ratp.fr/xsd\" xmlns:wsiv=\"http://wsiv.ratp.fr\">\n\t<soapenv:Header/>\n\t\t<soapenv:Body>\n\t\t\t<wsiv:getMissionsNext>\n\t\t\t\t\t<wsiv:station>\n\t\t\t\t\t\t<xsd:line>\n\t\t\t\t\t\t\t<xsd:id>RB</xsd:id>\n\t\t\t\t\t\t</xsd:line>\n\t\t\t\t\t<xsd:name>Denfert Rochereau</xsd:name>\n\t\t\t\t\t</wsiv:station>\n\t\t\t\t\t<wsiv:direction>\n\t\t\t\t\t\t<xsd:sens>*</xsd:sens>\n\t\t\t\t\t</wsiv:direction>\n\t\t\t</wsiv:getMissionsNext>\n\t\t</soapenv:Body>\n</soapenv:Envelope>"
				},
				"url": {
					"raw": "http://opendata-tr.ratp.fr/wsiv/services/Wsiv",
					"protocol": "http",
					"host": [
						"opendata-tr",
						"ratp",
						"fr"
					],
					"path": [
						"wsiv",
						"services",
						"Wsiv"
					]
				}
			},
			"response": []
		},
		{
			"name": "Port Royal",
			"event": [
				{
					"listen": "test",
					"script": {
						"id": "050da6f6-2f9b-4bae-8312-1bac7ba9972c",
						"exec": [
							"pm.test(responseBody, true)"
						],
						"type": "text/javascript"
					}
				}
			],
			"request": {
				"method": "POST",
				"header": [
					{
						"key": "Content-Type",
						"value": "text/xml"
					},
					{
						"key": "SOAPAction",
						"value": "urn:getMissionsNext"
					}
				],
				"body": {
					"mode": "raw",
					"raw": "<soapenv:Envelope xmlns:soapenv=\"http://schemas.xmlsoap.org/soap/envelope/\" xmlns:xsd=\"http://wsiv.ratp.fr/xsd\" xmlns:wsiv=\"http://wsiv.ratp.fr\">\n\t<soapenv:Header/>\n\t\t<soapenv:Body>\n\t\t\t<wsiv:getMissionsNext>\n\t\t\t\t\t<wsiv:station>\n\t\t\t\t\t\t<xsd:line>\n\t\t\t\t\t\t\t<xsd:id>RB</xsd:id>\n\t\t\t\t\t\t</xsd:line>\n\t\t\t\t\t<xsd:name>Port Royal</xsd:name>\n\t\t\t\t\t</wsiv:station>\n\t\t\t\t\t<wsiv:direction>\n\t\t\t\t\t\t<xsd:sens>*</xsd:sens>\n\t\t\t\t\t</wsiv:direction>\n\t\t\t</wsiv:getMissionsNext>\n\t\t</soapenv:Body>\n</soapenv:Envelope>"
				},
				"url": {
					"raw": "http://opendata-tr.ratp.fr/wsiv/services/Wsiv",
					"protocol": "http",
					"host": [
						"opendata-tr",
						"ratp",
						"fr"
					],
					"path": [
						"wsiv",
						"services",
						"Wsiv"
					]
				}
			},
			"response": []
		},
		{
			"name": "Luxembourg",
			"event": [
				{
					"listen": "test",
					"script": {
						"id": "050da6f6-2f9b-4bae-8312-1bac7ba9972c",
						"exec": [
							"pm.test(responseBody, true)"
						],
						"type": "text/javascript"
					}
				}
			],
			"request": {
				"method": "POST",
				"header": [
					{
						"key": "Content-Type",
						"value": "text/xml"
					},
					{
						"key": "SOAPAction",
						"value": "urn:getMissionsNext"
					}
				],
				"body": {
					"mode": "raw",
					"raw": "<soapenv:Envelope xmlns:soapenv=\"http://schemas.xmlsoap.org/soap/envelope/\" xmlns:xsd=\"http://wsiv.ratp.fr/xsd\" xmlns:wsiv=\"http://wsiv.ratp.fr\">\n\t<soapenv:Header/>\n\t\t<soapenv:Body>\n\t\t\t<wsiv:getMissionsNext>\n\t\t\t\t\t<wsiv:station>\n\t\t\t\t\t\t<xsd:line>\n\t\t\t\t\t\t\t<xsd:id>RB</xsd:id>\n\t\t\t\t\t\t</xsd:line>\n\t\t\t\t\t<xsd:name>Luxembourg</xsd:name>\n\t\t\t\t\t</wsiv:station>\n\t\t\t\t\t<wsiv:direction>\n\t\t\t\t\t\t<xsd:sens>*</xsd:sens>\n\t\t\t\t\t</wsiv:direction>\n\t\t\t</wsiv:getMissionsNext>\n\t\t</soapenv:Body>\n</soapenv:Envelope>"
				},
				"url": {
					"raw": "http://opendata-tr.ratp.fr/wsiv/services/Wsiv",
					"protocol": "http",
					"host": [
						"opendata-tr",
						"ratp",
						"fr"
					],
					"path": [
						"wsiv",
						"services",
						"Wsiv"
					]
				}
			},
			"response": []
		},
		{
			"name": "Saint Michel",
			"event": [
				{
					"listen": "test",
					"script": {
						"id": "050da6f6-2f9b-4bae-8312-1bac7ba9972c",
						"exec": [
							"pm.test(responseBody, true)"
						],
						"type": "text/javascript"
					}
				}
			],
			"request": {
				"method": "POST",
				"header": [
					{
						"key": "Content-Type",
						"value": "text/xml"
					},
					{
						"key": "SOAPAction",
						"value": "urn:getMissionsNext"
					}
				],
				"body": {
					"mode": "raw",
					"raw": "<soapenv:Envelope xmlns:soapenv=\"http://schemas.xmlsoap.org/soap/envelope/\" xmlns:xsd=\"http://wsiv.ratp.fr/xsd\" xmlns:wsiv=\"http://wsiv.ratp.fr\">\n\t<soapenv:Header/>\n\t\t<soapenv:Body>\n\t\t\t<wsiv:getMissionsNext>\n\t\t\t\t\t<wsiv:station>\n\t\t\t\t\t\t<xsd:line>\n\t\t\t\t\t\t\t<xsd:id>RB</xsd:id>\n\t\t\t\t\t\t</xsd:line>\n\t\t\t\t\t<xsd:name>Saint Michel</xsd:name>\n\t\t\t\t\t</wsiv:station>\n\t\t\t\t\t<wsiv:direction>\n\t\t\t\t\t\t<xsd:sens>*</xsd:sens>\n\t\t\t\t\t</wsiv:direction>\n\t\t\t</wsiv:getMissionsNext>\n\t\t</soapenv:Body>\n</soapenv:Envelope>"
				},
				"url": {
					"raw": "http://opendata-tr.ratp.fr/wsiv/services/Wsiv",
					"protocol": "http",
					"host": [
						"opendata-tr",
						"ratp",
						"fr"
					],
					"path": [
						"wsiv",
						"services",
						"Wsiv"
					]
				}
			},
			"response": []
		},
		{
			"name": "Chatelet",
			"event": [
				{
					"listen": "test",
					"script": {
						"id": "050da6f6-2f9b-4bae-8312-1bac7ba9972c",
						"exec": [
							"pm.test(responseBody, true)"
						],
						"type": "text/javascript"
					}
				}
			],
			"request": {
				"method": "POST",
				"header": [
					{
						"key": "Content-Type",
						"value": "text/xml"
					},
					{
						"key": "SOAPAction",
						"value": "urn:getMissionsNext"
					}
				],
				"body": {
					"mode": "raw",
					"raw": "<soapenv:Envelope xmlns:soapenv=\"http://schemas.xmlsoap.org/soap/envelope/\" xmlns:xsd=\"http://wsiv.ratp.fr/xsd\" xmlns:wsiv=\"http://wsiv.ratp.fr\">\n\t<soapenv:Header/>\n\t\t<soapenv:Body>\n\t\t\t<wsiv:getMissionsNext>\n\t\t\t\t\t<wsiv:station>\n\t\t\t\t\t\t<xsd:line>\n\t\t\t\t\t\t\t<xsd:id>RB</xsd:id>\n\t\t\t\t\t\t</xsd:line>\n\t\t\t\t\t<xsd:name>Chatelet</xsd:name>\n\t\t\t\t\t</wsiv:station>\n\t\t\t\t\t<wsiv:direction>\n\t\t\t\t\t\t<xsd:sens>*</xsd:sens>\n\t\t\t\t\t</wsiv:direction>\n\t\t\t</wsiv:getMissionsNext>\n\t\t</soapenv:Body>\n</soapenv:Envelope>"
				},
				"url": {
					"raw": "http://opendata-tr.ratp.fr/wsiv/services/Wsiv",
					"protocol": "http",
					"host": [
						"opendata-tr",
						"ratp",
						"fr"
					],
					"path": [
						"wsiv",
						"services",
						"Wsiv"
					]
				}
			},
			"response": []
		},
		{
			"name": "Gare du Nord",
			"event": [
				{
					"listen": "test",
					"script": {
						"id": "050da6f6-2f9b-4bae-8312-1bac7ba9972c",
						"exec": [
							"pm.test(responseBody, true)"
						],
						"type": "text/javascript"
					}
				}
			],
			"request": {
				"method": "POST",
				"header": [
					{
						"key": "Content-Type",
						"value": "text/xml"
					},
					{
						"key": "SOAPAction",
						"value": "urn:getMissionsNext"
					}
				],
				"body": {
					"mode": "raw",
					"raw": "<soapenv:Envelope xmlns:soapenv=\"http://schemas.xmlsoap.org/soap/envelope/\" xmlns:xsd=\"http://wsiv.ratp.fr/xsd\" xmlns:wsiv=\"http://wsiv.ratp.fr\">\n\t<soapenv:Header/>\n\t\t<soapenv:Body>\n\t\t\t<wsiv:getMissionsNext>\n\t\t\t\t\t<wsiv:station>\n\t\t\t\t\t\t<xsd:line>\n\t\t\t\t\t\t\t<xsd:id>RB</xsd:id>\n\t\t\t\t\t\t</xsd:line>\n\t\t\t\t\t<xsd:name>Gare du Nord</xsd:name>\n\t\t\t\t\t</wsiv:station>\n\t\t\t\t\t<wsiv:direction>\n\t\t\t\t\t\t<xsd:sens>*</xsd:sens>\n\t\t\t\t\t</wsiv:direction>\n\t\t\t</wsiv:getMissionsNext>\n\t\t</soapenv:Body>\n</soapenv:Envelope>"
				},
				"url": {
					"raw": "http://opendata-tr.ratp.fr/wsiv/services/Wsiv",
					"protocol": "http",
					"host": [
						"opendata-tr",
						"ratp",
						"fr"
					],
					"path": [
						"wsiv",
						"services",
						"Wsiv"
					]
				}
			},
			"response": []
		},
		{
			"name": "La Plaine-Stade de France",
			"event": [
				{
					"listen": "test",
					"script": {
						"id": "050da6f6-2f9b-4bae-8312-1bac7ba9972c",
						"exec": [
							"pm.test(responseBody, true)"
						],
						"type": "text/javascript"
					}
				}
			],
			"request": {
				"method": "POST",
				"header": [
					{
						"key": "Content-Type",
						"value": "text/xml"
					},
					{
						"key": "SOAPAction",
						"value": "urn:getMissionsNext"
					}
				],
				"body": {
					"mode": "raw",
					"raw": "<soapenv:Envelope xmlns:soapenv=\"http://schemas.xmlsoap.org/soap/envelope/\" xmlns:xsd=\"http://wsiv.ratp.fr/xsd\" xmlns:wsiv=\"http://wsiv.ratp.fr\">\n\t<soapenv:Header/>\n\t\t<soapenv:Body>\n\t\t\t<wsiv:getMissionsNext>\n\t\t\t\t\t<wsiv:station>\n\t\t\t\t\t\t<xsd:line>\n\t\t\t\t\t\t\t<xsd:id>RB</xsd:id>\n\t\t\t\t\t\t</xsd:line>\n\t\t\t\t\t<xsd:name>La Plaine-Stade de France</xsd:name>\n\t\t\t\t\t</wsiv:station>\n\t\t\t\t\t<wsiv:direction>\n\t\t\t\t\t\t<xsd:sens>*</xsd:sens>\n\t\t\t\t\t</wsiv:direction>\n\t\t\t</wsiv:getMissionsNext>\n\t\t</soapenv:Body>\n</soapenv:Envelope>"
				},
				"url": {
					"raw": "http://opendata-tr.ratp.fr/wsiv/services/Wsiv",
					"protocol": "http",
					"host": [
						"opendata-tr",
						"ratp",
						"fr"
					],
					"path": [
						"wsiv",
						"services",
						"Wsiv"
					]
				}
			},
			"response": []
		},
		{
			"name": "Aubervilliers",
			"event": [
				{
					"listen": "test",
					"script": {
						"id": "050da6f6-2f9b-4bae-8312-1bac7ba9972c",
						"exec": [
							"pm.test(responseBody, true)"
						],
						"type": "text/javascript"
					}
				}
			],
			"request": {
				"method": "POST",
				"header": [
					{
						"key": "Content-Type",
						"value": "text/xml"
					},
					{
						"key": "SOAPAction",
						"value": "urn:getMissionsNext"
					}
				],
				"body": {
					"mode": "raw",
					"raw": "<soapenv:Envelope xmlns:soapenv=\"http://schemas.xmlsoap.org/soap/envelope/\" xmlns:xsd=\"http://wsiv.ratp.fr/xsd\" xmlns:wsiv=\"http://wsiv.ratp.fr\">\n\t<soapenv:Header/>\n\t\t<soapenv:Body>\n\t\t\t<wsiv:getMissionsNext>\n\t\t\t\t\t<wsiv:station>\n\t\t\t\t\t\t<xsd:line>\n\t\t\t\t\t\t\t<xsd:id>RB</xsd:id>\n\t\t\t\t\t\t</xsd:line>\n\t\t\t\t\t<xsd:name>Aubervilliers</xsd:name>\n\t\t\t\t\t</wsiv:station>\n\t\t\t\t\t<wsiv:direction>\n\t\t\t\t\t\t<xsd:sens>*</xsd:sens>\n\t\t\t\t\t</wsiv:direction>\n\t\t\t</wsiv:getMissionsNext>\n\t\t</soapenv:Body>\n</soapenv:Envelope>"
				},
				"url": {
					"raw": "http://opendata-tr.ratp.fr/wsiv/services/Wsiv",
					"protocol": "http",
					"host": [
						"opendata-tr",
						"ratp",
						"fr"
					],
					"path": [
						"wsiv",
						"services",
						"Wsiv"
					]
				}
			},
			"response": []
		},
		{
			"name": "Le Bourget",
			"event": [
				{
					"listen": "test",
					"script": {
						"id": "050da6f6-2f9b-4bae-8312-1bac7ba9972c",
						"exec": [
							"pm.test(responseBody, true)"
						],
						"type": "text/javascript"
					}
				}
			],
			"request": {
				"method": "POST",
				"header": [
					{
						"key": "Content-Type",
						"value": "text/xml"
					},
					{
						"key": "SOAPAction",
						"value": "urn:getMissionsNext"
					}
				],
				"body": {
					"mode": "raw",
					"raw": "<soapenv:Envelope xmlns:soapenv=\"http://schemas.xmlsoap.org/soap/envelope/\" xmlns:xsd=\"http://wsiv.ratp.fr/xsd\" xmlns:wsiv=\"http://wsiv.ratp.fr\">\n\t<soapenv:Header/>\n\t\t<soapenv:Body>\n\t\t\t<wsiv:getMissionsNext>\n\t\t\t\t\t<wsiv:station>\n\t\t\t\t\t\t<xsd:line>\n\t\t\t\t\t\t\t<xsd:id>RB</xsd:id>\n\t\t\t\t\t\t</xsd:line>\n\t\t\t\t\t<xsd:name>Le Bourget</xsd:name>\n\t\t\t\t\t</wsiv:station>\n\t\t\t\t\t<wsiv:direction>\n\t\t\t\t\t\t<xsd:sens>*</xsd:sens>\n\t\t\t\t\t</wsiv:direction>\n\t\t\t</wsiv:getMissionsNext>\n\t\t</soapenv:Body>\n</soapenv:Envelope>"
				},
				"url": {
					"raw": "http://opendata-tr.ratp.fr/wsiv/services/Wsiv",
					"protocol": "http",
					"host": [
						"opendata-tr",
						"ratp",
						"fr"
					],
					"path": [
						"wsiv",
						"services",
						"Wsiv"
					]
				}
			},
			"response": []
		},
		{
			"name": "Drancy",
			"event": [
				{
					"listen": "test",
					"script": {
						"id": "050da6f6-2f9b-4bae-8312-1bac7ba9972c",
						"exec": [
							"pm.test(responseBody, true)"
						],
						"type": "text/javascript"
					}
				}
			],
			"request": {
				"method": "POST",
				"header": [
					{
						"key": "Content-Type",
						"value": "text/xml"
					},
					{
						"key": "SOAPAction",
						"value": "urn:getMissionsNext"
					}
				],
				"body": {
					"mode": "raw",
					"raw": "<soapenv:Envelope xmlns:soapenv=\"http://schemas.xmlsoap.org/soap/envelope/\" xmlns:xsd=\"http://wsiv.ratp.fr/xsd\" xmlns:wsiv=\"http://wsiv.ratp.fr\">\n\t<soapenv:Header/>\n\t\t<soapenv:Body>\n\t\t\t<wsiv:getMissionsNext>\n\t\t\t\t\t<wsiv:station>\n\t\t\t\t\t\t<xsd:line>\n\t\t\t\t\t\t\t<xsd:id>RB</xsd:id>\n\t\t\t\t\t\t</xsd:line>\n\t\t\t\t\t<xsd:name>Drancy</xsd:name>\n\t\t\t\t\t</wsiv:station>\n\t\t\t\t\t<wsiv:direction>\n\t\t\t\t\t\t<xsd:sens>*</xsd:sens>\n\t\t\t\t\t</wsiv:direction>\n\t\t\t</wsiv:getMissionsNext>\n\t\t</soapenv:Body>\n</soapenv:Envelope>"
				},
				"url": {
					"raw": "http://opendata-tr.ratp.fr/wsiv/services/Wsiv",
					"protocol": "http",
					"host": [
						"opendata-tr",
						"ratp",
						"fr"
					],
					"path": [
						"wsiv",
						"services",
						"Wsiv"
					]
				}
			},
			"response": []
		},
		{
			"name": "Blanc-Mesnil",
			"event": [
				{
					"listen": "test",
					"script": {
						"id": "050da6f6-2f9b-4bae-8312-1bac7ba9972c",
						"exec": [
							"pm.test(responseBody, true)"
						],
						"type": "text/javascript"
					}
				}
			],
			"request": {
				"method": "POST",
				"header": [
					{
						"key": "Content-Type",
						"value": "text/xml"
					},
					{
						"key": "SOAPAction",
						"value": "urn:getMissionsNext"
					}
				],
				"body": {
					"mode": "raw",
					"raw": "<soapenv:Envelope xmlns:soapenv=\"http://schemas.xmlsoap.org/soap/envelope/\" xmlns:xsd=\"http://wsiv.ratp.fr/xsd\" xmlns:wsiv=\"http://wsiv.ratp.fr\">\n\t<soapenv:Header/>\n\t\t<soapenv:Body>\n\t\t\t<wsiv:getMissionsNext>\n\t\t\t\t\t<wsiv:station>\n\t\t\t\t\t\t<xsd:line>\n\t\t\t\t\t\t\t<xsd:id>RB</xsd:id>\n\t\t\t\t\t\t</xsd:line>\n\t\t\t\t\t<xsd:name>Blanc-Mesnil</xsd:name>\n\t\t\t\t\t</wsiv:station>\n\t\t\t\t\t<wsiv:direction>\n\t\t\t\t\t\t<xsd:sens>*</xsd:sens>\n\t\t\t\t\t</wsiv:direction>\n\t\t\t</wsiv:getMissionsNext>\n\t\t</soapenv:Body>\n</soapenv:Envelope>"
				},
				"url": {
					"raw": "http://opendata-tr.ratp.fr/wsiv/services/Wsiv",
					"protocol": "http",
					"host": [
						"opendata-tr",
						"ratp",
						"fr"
					],
					"path": [
						"wsiv",
						"services",
						"Wsiv"
					]
				}
			},
			"response": []
		},
		{
			"name": "Aulnay Sous Bois",
			"event": [
				{
					"listen": "test",
					"script": {
						"id": "050da6f6-2f9b-4bae-8312-1bac7ba9972c",
						"exec": [
							"pm.test(responseBody, true)"
						],
						"type": "text/javascript"
					}
				}
			],
			"request": {
				"method": "POST",
				"header": [
					{
						"key": "Content-Type",
						"value": "text/xml"
					},
					{
						"key": "SOAPAction",
						"value": "urn:getMissionsNext"
					}
				],
				"body": {
					"mode": "raw",
					"raw": "<soapenv:Envelope xmlns:soapenv=\"http://schemas.xmlsoap.org/soap/envelope/\" xmlns:xsd=\"http://wsiv.ratp.fr/xsd\" xmlns:wsiv=\"http://wsiv.ratp.fr\">\n\t<soapenv:Header/>\n\t\t<soapenv:Body>\n\t\t\t<wsiv:getMissionsNext>\n\t\t\t\t\t<wsiv:station>\n\t\t\t\t\t\t<xsd:line>\n\t\t\t\t\t\t\t<xsd:id>RB</xsd:id>\n\t\t\t\t\t\t</xsd:line>\n\t\t\t\t\t<xsd:name>Aulnay Sous Bois</xsd:name>\n\t\t\t\t\t</wsiv:station>\n\t\t\t\t\t<wsiv:direction>\n\t\t\t\t\t\t<xsd:sens>*</xsd:sens>\n\t\t\t\t\t</wsiv:direction>\n\t\t\t</wsiv:getMissionsNext>\n\t\t</soapenv:Body>\n</soapenv:Envelope>"
				},
				"url": {
					"raw": "http://opendata-tr.ratp.fr/wsiv/services/Wsiv",
					"protocol": "http",
					"host": [
						"opendata-tr",
						"ratp",
						"fr"
					],
					"path": [
						"wsiv",
						"services",
						"Wsiv"
					]
				}
			},
			"response": []
		},
		{
			"name": "Sevran Beaudottes",
			"event": [
				{
					"listen": "test",
					"script": {
						"id": "050da6f6-2f9b-4bae-8312-1bac7ba9972c",
						"exec": [
							"pm.test(responseBody, true)"
						],
						"type": "text/javascript"
					}
				}
			],
			"request": {
				"method": "POST",
				"header": [
					{
						"key": "Content-Type",
						"value": "text/xml"
					},
					{
						"key": "SOAPAction",
						"value": "urn:getMissionsNext"
					}
				],
				"body": {
					"mode": "raw",
					"raw": "<soapenv:Envelope xmlns:soapenv=\"http://schemas.xmlsoap.org/soap/envelope/\" xmlns:xsd=\"http://wsiv.ratp.fr/xsd\" xmlns:wsiv=\"http://wsiv.ratp.fr\">\n\t<soapenv:Header/>\n\t\t<soapenv:Body>\n\t\t\t<wsiv:getMissionsNext>\n\t\t\t\t\t<wsiv:station>\n\t\t\t\t\t\t<xsd:line>\n\t\t\t\t\t\t\t<xsd:id>RB</xsd:id>\n\t\t\t\t\t\t</xsd:line>\n\t\t\t\t\t<xsd:name>Sevran Beaudottes</xsd:name>\n\t\t\t\t\t</wsiv:station>\n\t\t\t\t\t<wsiv:direction>\n\t\t\t\t\t\t<xsd:sens>*</xsd:sens>\n\t\t\t\t\t</wsiv:direction>\n\t\t\t</wsiv:getMissionsNext>\n\t\t</soapenv:Body>\n</soapenv:Envelope>"
				},
				"url": {
					"raw": "http://opendata-tr.ratp.fr/wsiv/services/Wsiv",
					"protocol": "http",
					"host": [
						"opendata-tr",
						"ratp",
						"fr"
					],
					"path": [
						"wsiv",
						"services",
						"Wsiv"
					]
				}
			},
			"response": []
		},
		{
			"name": "Villepinte",
			"event": [
				{
					"listen": "test",
					"script": {
						"id": "050da6f6-2f9b-4bae-8312-1bac7ba9972c",
						"exec": [
							"pm.test(responseBody, true)"
						],
						"type": "text/javascript"
					}
				}
			],
			"request": {
				"method": "POST",
				"header": [
					{
						"key": "Content-Type",
						"value": "text/xml"
					},
					{
						"key": "SOAPAction",
						"value": "urn:getMissionsNext"
					}
				],
				"body": {
					"mode": "raw",
					"raw": "<soapenv:Envelope xmlns:soapenv=\"http://schemas.xmlsoap.org/soap/envelope/\" xmlns:xsd=\"http://wsiv.ratp.fr/xsd\" xmlns:wsiv=\"http://wsiv.ratp.fr\">\n\t<soapenv:Header/>\n\t\t<soapenv:Body>\n\t\t\t<wsiv:getMissionsNext>\n\t\t\t\t\t<wsiv:station>\n\t\t\t\t\t\t<xsd:line>\n\t\t\t\t\t\t\t<xsd:id>RB</xsd:id>\n\t\t\t\t\t\t</xsd:line>\n\t\t\t\t\t<xsd:name>Villepinte</xsd:name>\n\t\t\t\t\t</wsiv:station>\n\t\t\t\t\t<wsiv:direction>\n\t\t\t\t\t\t<xsd:sens>*</xsd:sens>\n\t\t\t\t\t</wsiv:direction>\n\t\t\t</wsiv:getMissionsNext>\n\t\t</soapenv:Body>\n</soapenv:Envelope>"
				},
				"url": {
					"raw": "http://opendata-tr.ratp.fr/wsiv/services/Wsiv",
					"protocol": "http",
					"host": [
						"opendata-tr",
						"ratp",
						"fr"
					],
					"path": [
						"wsiv",
						"services",
						"Wsiv"
					]
				}
			},
			"response": []
		},
		{
			"name": "Parc des Expositions",
			"event": [
				{
					"listen": "test",
					"script": {
						"id": "050da6f6-2f9b-4bae-8312-1bac7ba9972c",
						"exec": [
							"pm.test(responseBody, true)"
						],
						"type": "text/javascript"
					}
				}
			],
			"request": {
				"method": "POST",
				"header": [
					{
						"key": "Content-Type",
						"value": "text/xml"
					},
					{
						"key": "SOAPAction",
						"value": "urn:getMissionsNext"
					}
				],
				"body": {
					"mode": "raw",
					"raw": "<soapenv:Envelope xmlns:soapenv=\"http://schemas.xmlsoap.org/soap/envelope/\" xmlns:xsd=\"http://wsiv.ratp.fr/xsd\" xmlns:wsiv=\"http://wsiv.ratp.fr\">\n\t<soapenv:Header/>\n\t\t<soapenv:Body>\n\t\t\t<wsiv:getMissionsNext>\n\t\t\t\t\t<wsiv:station>\n\t\t\t\t\t\t<xsd:line>\n\t\t\t\t\t\t\t<xsd:id>RB</xsd:id>\n\t\t\t\t\t\t</xsd:line>\n\t\t\t\t\t<xsd:name>Parc des Expositions</xsd:name>\n\t\t\t\t\t</wsiv:station>\n\t\t\t\t\t<wsiv:direction>\n\t\t\t\t\t\t<xsd:sens>*</xsd:sens>\n\t\t\t\t\t</wsiv:direction>\n\t\t\t</wsiv:getMissionsNext>\n\t\t</soapenv:Body>\n</soapenv:Envelope>"
				},
				"url": {
					"raw": "http://opendata-tr.ratp.fr/wsiv/services/Wsiv",
					"protocol": "http",
					"host": [
						"opendata-tr",
						"ratp",
						"fr"
					],
					"path": [
						"wsiv",
						"services",
						"Wsiv"
					]
				}
			},
			"response": []
		},
		{
			"name": "Aeroport Ch.De Gaulle 1",
			"event": [
				{
					"listen": "test",
					"script": {
						"id": "050da6f6-2f9b-4bae-8312-1bac7ba9972c",
						"exec": [
							"pm.test(responseBody, true)"
						],
						"type": "text/javascript"
					}
				}
			],
			"request": {
				"method": "POST",
				"header": [
					{
						"key": "Content-Type",
						"value": "text/xml"
					},
					{
						"key": "SOAPAction",
						"value": "urn:getMissionsNext"
					}
				],
				"body": {
					"mode": "raw",
					"raw": "<soapenv:Envelope xmlns:soapenv=\"http://schemas.xmlsoap.org/soap/envelope/\" xmlns:xsd=\"http://wsiv.ratp.fr/xsd\" xmlns:wsiv=\"http://wsiv.ratp.fr\">\n\t<soapenv:Header/>\n\t\t<soapenv:Body>\n\t\t\t<wsiv:getMissionsNext>\n\t\t\t\t\t<wsiv:station>\n\t\t\t\t\t\t<xsd:line>\n\t\t\t\t\t\t\t<xsd:id>RB</xsd:id>\n\t\t\t\t\t\t</xsd:line>\n\t\t\t\t\t<xsd:name>Aeroport Ch.De Gaulle 1</xsd:name>\n\t\t\t\t\t</wsiv:station>\n\t\t\t\t\t<wsiv:direction>\n\t\t\t\t\t\t<xsd:sens>*</xsd:sens>\n\t\t\t\t\t</wsiv:direction>\n\t\t\t</wsiv:getMissionsNext>\n\t\t</soapenv:Body>\n</soapenv:Envelope>"
				},
				"url": {
					"raw": "http://opendata-tr.ratp.fr/wsiv/services/Wsiv",
					"protocol": "http",
					"host": [
						"opendata-tr",
						"ratp",
						"fr"
					],
					"path": [
						"wsiv",
						"services",
						"Wsiv"
					]
				}
			},
			"response": []
		},
		{
			"name": "Aeroport Ch.De Gaulle 2",
			"event": [
				{
					"listen": "test",
					"script": {
						"id": "050da6f6-2f9b-4bae-8312-1bac7ba9972c",
						"exec": [
							"pm.test(responseBody, true)"
						],
						"type": "text/javascript"
					}
				}
			],
			"request": {
				"method": "POST",
				"header": [
					{
						"key": "Content-Type",
						"value": "text/xml"
					},
					{
						"key": "SOAPAction",
						"value": "urn:getMissionsNext"
					}
				],
				"body": {
					"mode": "raw",
					"raw": "<soapenv:Envelope xmlns:soapenv=\"http://schemas.xmlsoap.org/soap/envelope/\" xmlns:xsd=\"http://wsiv.ratp.fr/xsd\" xmlns:wsiv=\"http://wsiv.ratp.fr\">\n\t<soapenv:Header/>\n\t\t<soapenv:Body>\n\t\t\t<wsiv:getMissionsNext>\n\t\t\t\t\t<wsiv:station>\n\t\t\t\t\t\t<xsd:line>\n\t\t\t\t\t\t\t<xsd:id>RB</xsd:id>\n\t\t\t\t\t\t</xsd:line>\n\t\t\t\t\t<xsd:name>Aeroport Ch.De Gaulle 2</xsd:name>\n\t\t\t\t\t</wsiv:station>\n\t\t\t\t\t<wsiv:direction>\n\t\t\t\t\t\t<xsd:sens>*</xsd:sens>\n\t\t\t\t\t</wsiv:direction>\n\t\t\t</wsiv:getMissionsNext>\n\t\t</soapenv:Body>\n</soapenv:Envelope>"
				},
				"url": {
					"raw": "http://opendata-tr.ratp.fr/wsiv/services/Wsiv",
					"protocol": "http",
					"host": [
						"opendata-tr",
						"ratp",
						"fr"
					],
					"path": [
						"wsiv",
						"services",
						"Wsiv"
					]
				}
			},
			"response": []
		},
		{
			"name": "Sevran-Livry",
			"event": [
				{
					"listen": "test",
					"script": {
						"id": "050da6f6-2f9b-4bae-8312-1bac7ba9972c",
						"exec": [
							"pm.test(responseBody, true)"
						],
						"type": "text/javascript"
					}
				}
			],
			"request": {
				"method": "POST",
				"header": [
					{
						"key": "Content-Type",
						"value": "text/xml"
					},
					{
						"key": "SOAPAction",
						"value": "urn:getMissionsNext"
					}
				],
				"body": {
					"mode": "raw",
					"raw": "<soapenv:Envelope xmlns:soapenv=\"http://schemas.xmlsoap.org/soap/envelope/\" xmlns:xsd=\"http://wsiv.ratp.fr/xsd\" xmlns:wsiv=\"http://wsiv.ratp.fr\">\n\t<soapenv:Header/>\n\t\t<soapenv:Body>\n\t\t\t<wsiv:getMissionsNext>\n\t\t\t\t\t<wsiv:station>\n\t\t\t\t\t\t<xsd:line>\n\t\t\t\t\t\t\t<xsd:id>RB</xsd:id>\n\t\t\t\t\t\t</xsd:line>\n\t\t\t\t\t<xsd:name>Sevran-Livry</xsd:name>\n\t\t\t\t\t</wsiv:station>\n\t\t\t\t\t<wsiv:direction>\n\t\t\t\t\t\t<xsd:sens>*</xsd:sens>\n\t\t\t\t\t</wsiv:direction>\n\t\t\t</wsiv:getMissionsNext>\n\t\t</soapenv:Body>\n</soapenv:Envelope>"
				},
				"url": {
					"raw": "http://opendata-tr.ratp.fr/wsiv/services/Wsiv",
					"protocol": "http",
					"host": [
						"opendata-tr",
						"ratp",
						"fr"
					],
					"path": [
						"wsiv",
						"services",
						"Wsiv"
					]
				}
			},
			"response": []
		},
		{
			"name": "Vert-Galant",
			"event": [
				{
					"listen": "test",
					"script": {
						"id": "050da6f6-2f9b-4bae-8312-1bac7ba9972c",
						"exec": [
							"pm.test(responseBody, true)"
						],
						"type": "text/javascript"
					}
				}
			],
			"request": {
				"method": "POST",
				"header": [
					{
						"key": "Content-Type",
						"value": "text/xml"
					},
					{
						"key": "SOAPAction",
						"value": "urn:getMissionsNext"
					}
				],
				"body": {
					"mode": "raw",
					"raw": "<soapenv:Envelope xmlns:soapenv=\"http://schemas.xmlsoap.org/soap/envelope/\" xmlns:xsd=\"http://wsiv.ratp.fr/xsd\" xmlns:wsiv=\"http://wsiv.ratp.fr\">\n\t<soapenv:Header/>\n\t\t<soapenv:Body>\n\t\t\t<wsiv:getMissionsNext>\n\t\t\t\t\t<wsiv:station>\n\t\t\t\t\t\t<xsd:line>\n\t\t\t\t\t\t\t<xsd:id>RB</xsd:id>\n\t\t\t\t\t\t</xsd:line>\n\t\t\t\t\t<xsd:name>Vert-Galant</xsd:name>\n\t\t\t\t\t</wsiv:station>\n\t\t\t\t\t<wsiv:direction>\n\t\t\t\t\t\t<xsd:sens>*</xsd:sens>\n\t\t\t\t\t</wsiv:direction>\n\t\t\t</wsiv:getMissionsNext>\n\t\t</soapenv:Body>\n</soapenv:Envelope>"
				},
				"url": {
					"raw": "http://opendata-tr.ratp.fr/wsiv/services/Wsiv",
					"protocol": "http",
					"host": [
						"opendata-tr",
						"ratp",
						"fr"
					],
					"path": [
						"wsiv",
						"services",
						"Wsiv"
					]
				}
			},
			"response": []
		},
		{
			"name": "Villeparisis Mitry",
			"event": [
				{
					"listen": "test",
					"script": {
						"id": "050da6f6-2f9b-4bae-8312-1bac7ba9972c",
						"exec": [
							"pm.test(responseBody, true)"
						],
						"type": "text/javascript"
					}
				}
			],
			"request": {
				"method": "POST",
				"header": [
					{
						"key": "Content-Type",
						"value": "text/xml"
					},
					{
						"key": "SOAPAction",
						"value": "urn:getMissionsNext"
					}
				],
				"body": {
					"mode": "raw",
					"raw": "<soapenv:Envelope xmlns:soapenv=\"http://schemas.xmlsoap.org/soap/envelope/\" xmlns:xsd=\"http://wsiv.ratp.fr/xsd\" xmlns:wsiv=\"http://wsiv.ratp.fr\">\n\t<soapenv:Header/>\n\t\t<soapenv:Body>\n\t\t\t<wsiv:getMissionsNext>\n\t\t\t\t\t<wsiv:station>\n\t\t\t\t\t\t<xsd:line>\n\t\t\t\t\t\t\t<xsd:id>RB</xsd:id>\n\t\t\t\t\t\t</xsd:line>\n\t\t\t\t\t<xsd:name>Villeparisis Mitry</xsd:name>\n\t\t\t\t\t</wsiv:station>\n\t\t\t\t\t<wsiv:direction>\n\t\t\t\t\t\t<xsd:sens>*</xsd:sens>\n\t\t\t\t\t</wsiv:direction>\n\t\t\t</wsiv:getMissionsNext>\n\t\t</soapenv:Body>\n</soapenv:Envelope>"
				},
				"url": {
					"raw": "http://opendata-tr.ratp.fr/wsiv/services/Wsiv",
					"protocol": "http",
					"host": [
						"opendata-tr",
						"ratp",
						"fr"
					],
					"path": [
						"wsiv",
						"services",
						"Wsiv"
					]
				}
			},
			"response": []
		},
		{
			"name": "Mitry-Claye",
			"event": [
				{
					"listen": "test",
					"script": {
						"id": "050da6f6-2f9b-4bae-8312-1bac7ba9972c",
						"exec": [
							"pm.test(responseBody, true)"
						],
						"type": "text/javascript"
					}
				}
			],
			"request": {
				"method": "POST",
				"header": [
					{
						"key": "Content-Type",
						"value": "text/xml"
					},
					{
						"key": "SOAPAction",
						"value": "urn:getMissionsNext"
					}
				],
				"body": {
					"mode": "raw",
					"raw": "<soapenv:Envelope xmlns:soapenv=\"http://schemas.xmlsoap.org/soap/envelope/\" xmlns:xsd=\"http://wsiv.ratp.fr/xsd\" xmlns:wsiv=\"http://wsiv.ratp.fr\">\n\t<soapenv:Header/>\n\t\t<soapenv:Body>\n\t\t\t<wsiv:getMissionsNext>\n\t\t\t\t\t<wsiv:station>\n\t\t\t\t\t\t<xsd:line>\n\t\t\t\t\t\t\t<xsd:id>RB</xsd:id>\n\t\t\t\t\t\t</xsd:line>\n\t\t\t\t\t<xsd:name>Mitry-Claye</xsd:name>\n\t\t\t\t\t</wsiv:station>\n\t\t\t\t\t<wsiv:direction>\n\t\t\t\t\t\t<xsd:sens>*</xsd:sens>\n\t\t\t\t\t</wsiv:direction>\n\t\t\t</wsiv:getMissionsNext>\n\t\t</soapenv:Body>\n</soapenv:Envelope>"
				},
				"url": {
					"raw": "http://opendata-tr.ratp.fr/wsiv/services/Wsiv",
					"protocol": "http",
					"host": [
						"opendata-tr",
						"ratp",
						"fr"
					],
					"path": [
						"wsiv",
						"services",
						"Wsiv"
					]
				}
			},
			"response": []
		},
		{
			"name": "Robinson",
			"event": [
				{
					"listen": "test",
					"script": {
						"id": "050da6f6-2f9b-4bae-8312-1bac7ba9972c",
						"exec": [
							"pm.test(responseBody, true)"
						],
						"type": "text/javascript"
					}
				}
			],
			"request": {
				"method": "POST",
				"header": [
					{
						"key": "Content-Type",
						"value": "text/xml"
					},
					{
						"key": "SOAPAction",
						"value": "urn:getMissionsNext"
					}
				],
				"body": {
					"mode": "raw",
					"raw": "<soapenv:Envelope xmlns:soapenv=\"http://schemas.xmlsoap.org/soap/envelope/\" xmlns:xsd=\"http://wsiv.ratp.fr/xsd\" xmlns:wsiv=\"http://wsiv.ratp.fr\">\n\t<soapenv:Header/>\n\t\t<soapenv:Body>\n\t\t\t<wsiv:getMissionsNext>\n\t\t\t\t\t<wsiv:station>\n\t\t\t\t\t\t<xsd:line>\n\t\t\t\t\t\t\t<xsd:id>RB</xsd:id>\n\t\t\t\t\t\t</xsd:line>\n\t\t\t\t\t<xsd:name>Robinson</xsd:name>\n\t\t\t\t\t</wsiv:station>\n\t\t\t\t\t<wsiv:direction>\n\t\t\t\t\t\t<xsd:sens>*</xsd:sens>\n\t\t\t\t\t</wsiv:direction>\n\t\t\t</wsiv:getMissionsNext>\n\t\t</soapenv:Body>\n</soapenv:Envelope>"
				},
				"url": {
					"raw": "http://opendata-tr.ratp.fr/wsiv/services/Wsiv",
					"protocol": "http",
					"host": [
						"opendata-tr",
						"ratp",
						"fr"
					],
					"path": [
						"wsiv",
						"services",
						"Wsiv"
					]
				}
			},
			"response": []
		},
		{
			"name": "Fontenay aux Roses",
			"event": [
				{
					"listen": "test",
					"script": {
						"id": "050da6f6-2f9b-4bae-8312-1bac7ba9972c",
						"exec": [
							"pm.test(responseBody, true)"
						],
						"type": "text/javascript"
					}
				}
			],
			"request": {
				"method": "POST",
				"header": [
					{
						"key": "Content-Type",
						"value": "text/xml"
					},
					{
						"key": "SOAPAction",
						"value": "urn:getMissionsNext"
					}
				],
				"body": {
					"mode": "raw",
					"raw": "<soapenv:Envelope xmlns:soapenv=\"http://schemas.xmlsoap.org/soap/envelope/\" xmlns:xsd=\"http://wsiv.ratp.fr/xsd\" xmlns:wsiv=\"http://wsiv.ratp.fr\">\n\t<soapenv:Header/>\n\t\t<soapenv:Body>\n\t\t\t<wsiv:getMissionsNext>\n\t\t\t\t\t<wsiv:station>\n\t\t\t\t\t\t<xsd:line>\n\t\t\t\t\t\t\t<xsd:id>RB</xsd:id>\n\t\t\t\t\t\t</xsd:line>\n\t\t\t\t\t<xsd:name>Fontenay aux Roses</xsd:name>\n\t\t\t\t\t</wsiv:station>\n\t\t\t\t\t<wsiv:direction>\n\t\t\t\t\t\t<xsd:sens>*</xsd:sens>\n\t\t\t\t\t</wsiv:direction>\n\t\t\t</wsiv:getMissionsNext>\n\t\t</soapenv:Body>\n</soapenv:Envelope>"
				},
				"url": {
					"raw": "http://opendata-tr.ratp.fr/wsiv/services/Wsiv",
					"protocol": "http",
					"host": [
						"opendata-tr",
						"ratp",
						"fr"
					],
					"path": [
						"wsiv",
						"services",
						"Wsiv"
					]
				}
			},
			"response": []
		},
		{
			"name": "Sceaux",
			"event": [
				{
					"listen": "test",
					"script": {
						"id": "050da6f6-2f9b-4bae-8312-1bac7ba9972c",
						"exec": [
							"pm.test(responseBody, true)"
						],
						"type": "text/javascript"
					}
				}
			],
			"request": {
				"method": "POST",
				"header": [
					{
						"key": "Content-Type",
						"value": "text/xml"
					},
					{
						"key": "SOAPAction",
						"value": "urn:getMissionsNext"
					}
				],
				"body": {
					"mode": "raw",
					"raw": "<soapenv:Envelope xmlns:soapenv=\"http://schemas.xmlsoap.org/soap/envelope/\" xmlns:xsd=\"http://wsiv.ratp.fr/xsd\" xmlns:wsiv=\"http://wsiv.ratp.fr\">\n\t<soapenv:Header/>\n\t\t<soapenv:Body>\n\t\t\t<wsiv:getMissionsNext>\n\t\t\t\t\t<wsiv:station>\n\t\t\t\t\t\t<xsd:line>\n\t\t\t\t\t\t\t<xsd:id>RB</xsd:id>\n\t\t\t\t\t\t</xsd:line>\n\t\t\t\t\t<xsd:name>Sceaux</xsd:name>\n\t\t\t\t\t</wsiv:station>\n\t\t\t\t\t<wsiv:direction>\n\t\t\t\t\t\t<xsd:sens>*</xsd:sens>\n\t\t\t\t\t</wsiv:direction>\n\t\t\t</wsiv:getMissionsNext>\n\t\t</soapenv:Body>\n</soapenv:Envelope>"
				},
				"url": {
					"raw": "http://opendata-tr.ratp.fr/wsiv/services/Wsiv",
					"protocol": "http",
					"host": [
						"opendata-tr",
						"ratp",
						"fr"
					],
					"path": [
						"wsiv",
						"services",
						"Wsiv"
					]
				}
			},
			"response": []
		}
	],
	"event": [
		{
			"listen": "test",
			"script": {
				"id": "5f9c8682-eee4-4f5a-ac55-aff48d66bc71",
				"type": "text/javascript",
				"exec": [
					"pm.test(responseBody, true)"
				]
			}
		}
	]
}